<?xml version="1.0" encoding="utf-16"?>
<ArrayOfBusinessRule xmlns:xsd="http://www.w3.org/2001/XMLSchema" xmlns:xsi="http://www.w3.org/2001/XMLSchema-instance">
  <BusinessRule>
    <Identity>
      <AutomaticallyPopulate>true</AutomaticallyPopulate>
      <Id>2726B321D3EE4E38AF1D9FCE1B3DE379</Id>
      <Name>BR CalcSubTotal</Name>
      <Version>6</Version>
      <ProcessId />
    </Identity>
    <LatestVersion>false</LatestVersion>
    <Version>6</Version>
    <ProcessIdentity>
      <Id>03181626EDE04E73B0379E59C9049A2A</Id>
      <AutomaticallyPopulate>true</AutomaticallyPopulate>
      <Version>6</Version>
      <Name>BR CalcSubTotal</Name>
    </ProcessIdentity>
    <RuleType>Process</RuleType>
    <CategoryIdentity>
      <Id>2278FC5DACAA4553B7C22F31F86B8194</Id>
      <AutomaticallyPopulate>true</AutomaticallyPopulate>
      <Name />
    </CategoryIdentity>
    <LastModifiedUserName>svc_kfx_test</LastModifiedUserName>
    <FlaggedForRelease>false</FlaggedForRelease>
    <CurrentRuleView>Released</CurrentRuleView>
    <IsRuleInUse>false</IsRuleInUse>
    <LastModifiedUser>9B95EBF369AC41C1983BB8F97DD056D4</LastModifiedUser>
    <LastModifiedDate>2021-11-29T13:18:45.377</LastModifiedDate>
    <WIPRuleData>
      <decisiontabledata>
        <HitPolicyType>First</HitPolicyType>
        <ShowOnTableVariables />
        <CollectPolicyOperator>None</CollectPolicyOperator>
      </decisiontabledata>
    </WIPRuleData>
    <ReleaseRuleData>
      <inputs>
        <name>FREIGHTTOTAL</name>
        <type>6</type>
        <description>FreightTotal</description>
      </inputs>
      <inputs>
        <name>DISCOUNTTOTAL</name>
        <type>6</type>
        <description>DiscountTotal</description>
      </inputs>
      <inputs>
        <name>GSTTOTAL</name>
        <type>8</type>
        <description>GSTTotal</description>
      </inputs>
      <inputs>
        <name>TOTAL</name>
        <type>8</type>
        <description>Total</description>
      </inputs>
      <outputs>
        <name>SUBTOTALSTR</name>
        <type>8</type>
        <description>SubTotal</description>
      </outputs>
      <businessrulecalculations />
      <decisiontabledata>
        <HitPolicyType>First</HitPolicyType>
        <ShowOnTableVariables />
        <CollectPolicyOperator>None</CollectPolicyOperator>
      </decisiontabledata>
    </ReleaseRuleData>
    <Description />
    <Rule>
      <inputs>
        <name>FREIGHTTOTAL</name>
        <type>6</type>
        <description>FreightTotal</description>
      </inputs>
      <inputs>
        <name>DISCOUNTTOTAL</name>
        <type>6</type>
        <description>DiscountTotal</description>
      </inputs>
      <inputs>
        <name>GSTTOTAL</name>
        <type>8</type>
        <description>GSTTotal</description>
      </inputs>
      <inputs>
        <name>TOTAL</name>
        <type>8</type>
        <description>Total</description>
      </inputs>
      <outputs>
        <name>SUBTOTALSTR</name>
        <type>8</type>
        <description>SubTotal</description>
      </outputs>
      <businessrulecalculations />
      <decisiontabledata>
        <HitPolicyType>First</HitPolicyType>
        <ShowOnTableVariables />
        <CollectPolicyOperator>None</CollectPolicyOperator>
      </decisiontabledata>
    </Rule>
  </BusinessRule>
  <BusinessRule>
    <Identity>
      <AutomaticallyPopulate>true</AutomaticallyPopulate>
      <Id>2B5371F14B7D48B7AEBB53C1206FFC4B</Id>
      <Name>BR_ErrorAction</Name>
      <Version>2</Version>
      <ProcessId />
    </Identity>
    <LatestVersion>false</LatestVersion>
    <Version>2</Version>
    <ProcessIdentity>
      <Id>3BC04DF529E04303BB4300F8B875D5B3</Id>
      <AutomaticallyPopulate>true</AutomaticallyPopulate>
      <Version>2</Version>
      <Name>BR_ErrorAction</Name>
    </ProcessIdentity>
    <RuleType>Process</RuleType>
    <CategoryIdentity>
      <Id>201F370CA5164F76ADDD8EEEFF666AF7</Id>
      <AutomaticallyPopulate>true</AutomaticallyPopulate>
      <Name />
    </CategoryIdentity>
    <LastModifiedUserName>svc_kfx_test</LastModifiedUserName>
    <FlaggedForRelease>false</FlaggedForRelease>
    <CurrentRuleView>Released</CurrentRuleView>
    <IsRuleInUse>false</IsRuleInUse>
    <LastModifiedUser>9B95EBF369AC41C1983BB8F97DD056D4</LastModifiedUser>
    <LastModifiedDate>2021-04-19T17:18:40.29</LastModifiedDate>
    <WIPRuleData>
      <decisiontabledata>
        <HitPolicyType>First</HitPolicyType>
        <ShowOnTableVariables />
        <CollectPolicyOperator>None</CollectPolicyOperator>
      </decisiontabledata>
    </WIPRuleData>
    <ReleaseRuleData>
      <inputs>
        <name>SELECTEDACTION</name>
        <type>8</type>
        <description>SelectedAction</description>
      </inputs>
      <outputs>
        <name>SETACTION</name>
        <type>8</type>
        <description>SetAction</description>
      </outputs>
      <businessrulecalculations />
      <decisiontabledata>
        <HitPolicyType>First</HitPolicyType>
        <ShowOnTableVariables />
        <CollectPolicyOperator>None</CollectPolicyOperator>
      </decisiontabledata>
    </ReleaseRuleData>
    <Description />
    <Rule>
      <inputs>
        <name>SELECTEDACTION</name>
        <type>8</type>
        <description>SelectedAction</description>
      </inputs>
      <outputs>
        <name>SETACTION</name>
        <type>8</type>
        <description>SetAction</description>
      </outputs>
      <businessrulecalculations />
      <decisiontabledata>
        <HitPolicyType>First</HitPolicyType>
        <ShowOnTableVariables />
        <CollectPolicyOperator>None</CollectPolicyOperator>
      </decisiontabledata>
    </Rule>
  </BusinessRule>
  <BusinessRule>
    <Identity>
      <AutomaticallyPopulate>true</AutomaticallyPopulate>
      <Id>FCD21DF903E744B9928093F2D99BEAFB</Id>
      <Name>BR Format Date</Name>
      <Version>11</Version>
      <ProcessId />
    </Identity>
    <LatestVersion>false</LatestVersion>
    <Version>11</Version>
    <ProcessIdentity>
      <Id>6826A434910649F58F03B3CB3BB9108B</Id>
      <AutomaticallyPopulate>true</AutomaticallyPopulate>
      <Version>11</Version>
      <Name>BR Format Date</Name>
    </ProcessIdentity>
    <RuleType>Process</RuleType>
    <CategoryIdentity>
      <Id>2278FC5DACAA4553B7C22F31F86B8194</Id>
      <AutomaticallyPopulate>true</AutomaticallyPopulate>
      <Name />
    </CategoryIdentity>
    <LastModifiedUserName>svc_kfx_test</LastModifiedUserName>
    <FlaggedForRelease>false</FlaggedForRelease>
    <CurrentRuleView>Released</CurrentRuleView>
    <IsRuleInUse>false</IsRuleInUse>
    <LastModifiedUser>9B95EBF369AC41C1983BB8F97DD056D4</LastModifiedUser>
    <LastModifiedDate>2021-11-26T13:41:50.677</LastModifiedDate>
    <WIPRuleData>
      <decisiontabledata>
        <HitPolicyType>First</HitPolicyType>
        <ShowOnTableVariables />
        <CollectPolicyOperator>None</CollectPolicyOperator>
      </decisiontabledata>
    </WIPRuleData>
    <ReleaseRuleData>
      <inputs>
        <name>FORMATTERNAME</name>
        <type>8</type>
        <description>FormatterName</description>
      </inputs>
      <inputs>
        <name>DATEVALUE</name>
        <type>7</type>
        <description>DateValue</description>
      </inputs>
      <outputs>
        <name>FORMATTEDTEXT</name>
        <type>8</type>
        <description>FormattedText</description>
      </outputs>
      <outputs>
        <name>ISVALID</name>
        <type>11</type>
        <description>IsValid</description>
      </outputs>
      <outputs>
        <name>ERRORMESSAGE</name>
        <type>8</type>
        <description>ErrorMessage</description>
      </outputs>
      <businessrulecalculations />
      <decisiontabledata>
        <HitPolicyType>First</HitPolicyType>
        <ShowOnTableVariables />
        <CollectPolicyOperator>None</CollectPolicyOperator>
      </decisiontabledata>
    </ReleaseRuleData>
    <Description />
    <Rule>
      <inputs>
        <name>FORMATTERNAME</name>
        <type>8</type>
        <description>FormatterName</description>
      </inputs>
      <inputs>
        <name>DATEVALUE</name>
        <type>7</type>
        <description>DateValue</description>
      </inputs>
      <outputs>
        <name>FORMATTEDTEXT</name>
        <type>8</type>
        <description>FormattedText</description>
      </outputs>
      <outputs>
        <name>ISVALID</name>
        <type>11</type>
        <description>IsValid</description>
      </outputs>
      <outputs>
        <name>ERRORMESSAGE</name>
        <type>8</type>
        <description>ErrorMessage</description>
      </outputs>
      <businessrulecalculations />
      <decisiontabledata>
        <HitPolicyType>First</HitPolicyType>
        <ShowOnTableVariables />
        <CollectPolicyOperator>None</CollectPolicyOperator>
      </decisiontabledata>
    </Rule>
  </BusinessRule>
  <BusinessRule>
    <Identity>
      <AutomaticallyPopulate>true</AutomaticallyPopulate>
      <Id>6FC784A49183428D80FD1EB4831D5E34</Id>
      <Name>BR Calc GST Total</Name>
      <Version>8</Version>
      <ProcessId />
    </Identity>
    <LatestVersion>false</LatestVersion>
    <Version>8</Version>
    <ProcessIdentity>
      <Id>6849A40DD6A04EB683A1E9E403C46F32</Id>
      <AutomaticallyPopulate>true</AutomaticallyPopulate>
      <Version>8</Version>
      <Name>BR Calc GST Total</Name>
    </ProcessIdentity>
    <RuleType>Process</RuleType>
    <CategoryIdentity>
      <Id>2278FC5DACAA4553B7C22F31F86B8194</Id>
      <AutomaticallyPopulate>true</AutomaticallyPopulate>
      <Name />
    </CategoryIdentity>
    <LastModifiedUserName>svc_kfx_test</LastModifiedUserName>
    <FlaggedForRelease>false</FlaggedForRelease>
    <CurrentRuleView>Released</CurrentRuleView>
    <IsRuleInUse>false</IsRuleInUse>
    <LastModifiedUser>9B95EBF369AC41C1983BB8F97DD056D4</LastModifiedUser>
    <LastModifiedDate>2021-11-29T13:18:05.01</LastModifiedDate>
    <WIPRuleData>
      <decisiontabledata>
        <HitPolicyType>First</HitPolicyType>
        <ShowOnTableVariables />
        <CollectPolicyOperator>None</CollectPolicyOperator>
      </decisiontabledata>
    </WIPRuleData>
    <ReleaseRuleData>
      <inputs>
        <name>SUBTOTALSTR</name>
        <type>8</type>
        <description>SubTotal</description>
      </inputs>
      <inputs>
        <name>FREIGHTTOTAL</name>
        <type>6</type>
        <description>FreightTotal</description>
      </inputs>
      <inputs>
        <name>DISCOUNTTOTAL</name>
        <type>6</type>
        <description>DiscountTotal</description>
      </inputs>
      <outputs>
        <name>GSTTOTAL</name>
        <type>8</type>
        <description>GSTTotal</description>
      </outputs>
      <outputs>
        <name>TOTAL</name>
        <type>8</type>
        <description>Total</description>
      </outputs>
      <businessrulecalculations />
      <decisiontabledata>
        <HitPolicyType>First</HitPolicyType>
        <ShowOnTableVariables />
        <CollectPolicyOperator>None</CollectPolicyOperator>
      </decisiontabledata>
    </ReleaseRuleData>
    <Description />
    <Rule>
      <inputs>
        <name>SUBTOTALSTR</name>
        <type>8</type>
        <description>SubTotal</description>
      </inputs>
      <inputs>
        <name>FREIGHTTOTAL</name>
        <type>6</type>
        <description>FreightTotal</description>
      </inputs>
      <inputs>
        <name>DISCOUNTTOTAL</name>
        <type>6</type>
        <description>DiscountTotal</description>
      </inputs>
      <outputs>
        <name>GSTTOTAL</name>
        <type>8</type>
        <description>GSTTotal</description>
      </outputs>
      <outputs>
        <name>TOTAL</name>
        <type>8</type>
        <description>Total</description>
      </outputs>
      <businessrulecalculations />
      <decisiontabledata>
        <HitPolicyType>First</HitPolicyType>
        <ShowOnTableVariables />
        <CollectPolicyOperator>None</CollectPolicyOperator>
      </decisiontabledata>
    </Rule>
  </BusinessRule>
  <BusinessRule>
    <Identity>
      <AutomaticallyPopulate>true</AutomaticallyPopulate>
      <Id>5F0D414226494B94967B3CC541CD22CC</Id>
      <Name>BR_DuplicateInvoiceDocumentId</Name>
      <Version>4</Version>
      <ProcessId />
    </Identity>
    <LatestVersion>false</LatestVersion>
    <Version>4</Version>
    <ProcessIdentity>
      <Id>6D82E564876B464DAD15EDEBFA825A3A</Id>
      <AutomaticallyPopulate>true</AutomaticallyPopulate>
      <Version>4</Version>
      <Name>BR_DuplicateInvoiceDocumentId</Name>
    </ProcessIdentity>
    <RuleType>Process</RuleType>
    <CategoryIdentity>
      <Id>2278FC5DACAA4553B7C22F31F86B8194</Id>
      <AutomaticallyPopulate>true</AutomaticallyPopulate>
      <Name />
    </CategoryIdentity>
    <LastModifiedUserName>svc_kfx_test</LastModifiedUserName>
    <FlaggedForRelease>false</FlaggedForRelease>
    <CurrentRuleView>Released</CurrentRuleView>
    <IsRuleInUse>false</IsRuleInUse>
    <LastModifiedUser>9B95EBF369AC41C1983BB8F97DD056D4</LastModifiedUser>
    <LastModifiedDate>2021-11-26T13:43:55.573</LastModifiedDate>
    <WIPRuleData>
      <decisiontabledata>
        <HitPolicyType>First</HitPolicyType>
        <ShowOnTableVariables />
        <CollectPolicyOperator>None</CollectPolicyOperator>
      </decisiontabledata>
    </WIPRuleData>
    <ReleaseRuleData>
      <inputs>
        <name>DUPLICATEDOCUMENTID</name>
        <type>8</type>
        <description>DuplicateDocumentId</description>
      </inputs>
      <inputs>
        <name>ORIGINALDOCUMENTID</name>
        <type>8</type>
        <description>OriginalDocumentId</description>
      </inputs>
      <inputs>
        <name>OPTIONVALUE</name>
        <type>8</type>
        <description>OptionValue</description>
      </inputs>
      <outputs>
        <name>DOCUMENTID</name>
        <type>8</type>
        <description>DocumentId</description>
      </outputs>
      <businessrulecalculations />
      <decisiontabledata>
        <HitPolicyType>First</HitPolicyType>
        <ShowOnTableVariables />
        <CollectPolicyOperator>None</CollectPolicyOperator>
      </decisiontabledata>
    </ReleaseRuleData>
    <Description />
    <Rule>
      <inputs>
        <name>DUPLICATEDOCUMENTID</name>
        <type>8</type>
        <description>DuplicateDocumentId</description>
      </inputs>
      <inputs>
        <name>ORIGINALDOCUMENTID</name>
        <type>8</type>
        <description>OriginalDocumentId</description>
      </inputs>
      <inputs>
        <name>OPTIONVALUE</name>
        <type>8</type>
        <description>OptionValue</description>
      </inputs>
      <outputs>
        <name>DOCUMENTID</name>
        <type>8</type>
        <description>DocumentId</description>
      </outputs>
      <businessrulecalculations />
      <decisiontabledata>
        <HitPolicyType>First</HitPolicyType>
        <ShowOnTableVariables />
        <CollectPolicyOperator>None</CollectPolicyOperator>
      </decisiontabledata>
    </Rule>
  </BusinessRule>
  <BusinessRule>
    <Identity>
      <AutomaticallyPopulate>true</AutomaticallyPopulate>
      <Id>0A95E4CF4A3B485FBC7CE31BC03B8729</Id>
      <Name>BR ConvertUSADateToEURDate</Name>
      <Version>5</Version>
      <ProcessId />
    </Identity>
    <LatestVersion>false</LatestVersion>
    <Version>5</Version>
    <ProcessIdentity>
      <Id>6E6AB73705B64AF99A199776C060050E</Id>
      <AutomaticallyPopulate>true</AutomaticallyPopulate>
      <Version>5</Version>
      <Name>BR ConvertUSADateToEURDate</Name>
    </ProcessIdentity>
    <RuleType>Process</RuleType>
    <CategoryIdentity>
      <Id>2278FC5DACAA4553B7C22F31F86B8194</Id>
      <AutomaticallyPopulate>true</AutomaticallyPopulate>
      <Name />
    </CategoryIdentity>
    <LastModifiedUserName>svc_kfx_test</LastModifiedUserName>
    <FlaggedForRelease>false</FlaggedForRelease>
    <CurrentRuleView>Released</CurrentRuleView>
    <IsRuleInUse>false</IsRuleInUse>
    <LastModifiedUser>9B95EBF369AC41C1983BB8F97DD056D4</LastModifiedUser>
    <LastModifiedDate>2021-11-26T13:41:21.973</LastModifiedDate>
    <WIPRuleData>
      <decisiontabledata>
        <HitPolicyType>First</HitPolicyType>
        <ShowOnTableVariables />
        <CollectPolicyOperator>None</CollectPolicyOperator>
      </decisiontabledata>
    </WIPRuleData>
    <ReleaseRuleData>
      <inputs>
        <name>FIELDTEXT</name>
        <type>8</type>
        <description>FieldText</description>
      </inputs>
      <inputs>
        <name>FIELDDELIMITER</name>
        <type>8</type>
        <description>FieldDelimiter</description>
      </inputs>
      <inputs>
        <name>FORMATDELIMITER</name>
        <type>8</type>
        <description>FormatDelimiter</description>
      </inputs>
      <outputs>
        <name>FORMATTEDTEXT</name>
        <type>8</type>
        <description>FormattedText</description>
      </outputs>
      <outputs>
        <name>ISVALID</name>
        <type>11</type>
        <description>IsValid</description>
      </outputs>
      <outputs>
        <name>ERRORMESSAGE</name>
        <type>8</type>
        <description>ErrorMessage</description>
      </outputs>
      <businessrulecalculations />
      <decisiontabledata>
        <HitPolicyType>First</HitPolicyType>
        <ShowOnTableVariables />
        <CollectPolicyOperator>None</CollectPolicyOperator>
      </decisiontabledata>
    </ReleaseRuleData>
    <Description />
    <Rule>
      <inputs>
        <name>FIELDTEXT</name>
        <type>8</type>
        <description>FieldText</description>
      </inputs>
      <inputs>
        <name>FIELDDELIMITER</name>
        <type>8</type>
        <description>FieldDelimiter</description>
      </inputs>
      <inputs>
        <name>FORMATDELIMITER</name>
        <type>8</type>
        <description>FormatDelimiter</description>
      </inputs>
      <outputs>
        <name>FORMATTEDTEXT</name>
        <type>8</type>
        <description>FormattedText</description>
      </outputs>
      <outputs>
        <name>ISVALID</name>
        <type>11</type>
        <description>IsValid</description>
      </outputs>
      <outputs>
        <name>ERRORMESSAGE</name>
        <type>8</type>
        <description>ErrorMessage</description>
      </outputs>
      <businessrulecalculations />
      <decisiontabledata>
        <HitPolicyType>First</HitPolicyType>
        <ShowOnTableVariables />
        <CollectPolicyOperator>None</CollectPolicyOperator>
      </decisiontabledata>
    </Rule>
  </BusinessRule>
  <BusinessRule>
    <Identity>
      <AutomaticallyPopulate>true</AutomaticallyPopulate>
      <Id>9D4B93EF73F84654A70964D0C3802BC7</Id>
      <Name>BR_SetDocumentType</Name>
      <Version>6</Version>
      <ProcessId />
    </Identity>
    <LatestVersion>false</LatestVersion>
    <Version>6</Version>
    <ProcessIdentity>
      <Id>7ADF133F89E24D6AB6070B460EE56B2C</Id>
      <AutomaticallyPopulate>true</AutomaticallyPopulate>
      <Version>6</Version>
      <Name>BR_SetDocumentType</Name>
    </ProcessIdentity>
    <RuleType>Process</RuleType>
    <CategoryIdentity>
      <Id>2278FC5DACAA4553B7C22F31F86B8194</Id>
      <AutomaticallyPopulate>true</AutomaticallyPopulate>
      <Name />
    </CategoryIdentity>
    <LastModifiedUserName>svc_kfx_test</LastModifiedUserName>
    <FlaggedForRelease>false</FlaggedForRelease>
    <CurrentRuleView>Released</CurrentRuleView>
    <IsRuleInUse>false</IsRuleInUse>
    <LastModifiedUser>9B95EBF369AC41C1983BB8F97DD056D4</LastModifiedUser>
    <LastModifiedDate>2021-11-26T13:45:10.323</LastModifiedDate>
    <WIPRuleData>
      <decisiontabledata>
        <HitPolicyType>First</HitPolicyType>
        <ShowOnTableVariables />
        <CollectPolicyOperator>None</CollectPolicyOperator>
      </decisiontabledata>
    </WIPRuleData>
    <ReleaseRuleData>
      <inputs>
        <name>VENDORID</name>
        <type>8</type>
        <description>Vendor ID</description>
      </inputs>
      <outputs>
        <name>DOCUMENTTYPE</name>
        <type>8</type>
        <description>DocumentType</description>
      </outputs>
      <businessrulecalculations />
      <decisiontabledata>
        <HitPolicyType>First</HitPolicyType>
        <ShowOnTableVariables />
        <CollectPolicyOperator>None</CollectPolicyOperator>
      </decisiontabledata>
    </ReleaseRuleData>
    <Description />
    <Rule>
      <inputs>
        <name>VENDORID</name>
        <type>8</type>
        <description>Vendor ID</description>
      </inputs>
      <outputs>
        <name>DOCUMENTTYPE</name>
        <type>8</type>
        <description>DocumentType</description>
      </outputs>
      <businessrulecalculations />
      <decisiontabledata>
        <HitPolicyType>First</HitPolicyType>
        <ShowOnTableVariables />
        <CollectPolicyOperator>None</CollectPolicyOperator>
      </decisiontabledata>
    </Rule>
  </BusinessRule>
  <BusinessRule>
    <Identity>
      <AutomaticallyPopulate>true</AutomaticallyPopulate>
      <Id>FD1869B866F84472ABC0B25ACA54A5A6</Id>
      <Name>BR_EmailTemplateComfirmMsg</Name>
      <Version>2</Version>
      <ProcessId />
    </Identity>
    <LatestVersion>false</LatestVersion>
    <Version>2</Version>
    <ProcessIdentity>
      <Id>849F9FB13FFE495ABEFEB12706710202</Id>
      <AutomaticallyPopulate>true</AutomaticallyPopulate>
      <Version>2</Version>
      <Name>BR_EmailTemplateComfirmMsg</Name>
    </ProcessIdentity>
    <RuleType>Process</RuleType>
    <CategoryIdentity>
      <Id>201F370CA5164F76ADDD8EEEFF666AF7</Id>
      <AutomaticallyPopulate>true</AutomaticallyPopulate>
      <Name />
    </CategoryIdentity>
    <LastModifiedUserName>svc_kfx_test</LastModifiedUserName>
    <FlaggedForRelease>false</FlaggedForRelease>
    <CurrentRuleView>Released</CurrentRuleView>
    <IsRuleInUse>false</IsRuleInUse>
    <LastModifiedUser>9B95EBF369AC41C1983BB8F97DD056D4</LastModifiedUser>
    <LastModifiedDate>2021-11-26T13:44:09.853</LastModifiedDate>
    <WIPRuleData>
      <decisiontabledata>
        <HitPolicyType>First</HitPolicyType>
        <ShowOnTableVariables />
        <CollectPolicyOperator>None</CollectPolicyOperator>
      </decisiontabledata>
    </WIPRuleData>
    <ReleaseRuleData>
      <inputs>
        <name>TEMPLATENAME</name>
        <type>8</type>
        <description>TemplateName</description>
      </inputs>
      <inputs>
        <name>ACTION</name>
        <type>8</type>
        <description>Action</description>
      </inputs>
      <outputs>
        <name>MESSAGE</name>
        <type>8</type>
        <description>Message</description>
      </outputs>
      <businessrulecalculations />
      <decisiontabledata>
        <HitPolicyType>First</HitPolicyType>
        <ShowOnTableVariables />
        <CollectPolicyOperator>None</CollectPolicyOperator>
      </decisiontabledata>
    </ReleaseRuleData>
    <Description />
    <Rule>
      <inputs>
        <name>TEMPLATENAME</name>
        <type>8</type>
        <description>TemplateName</description>
      </inputs>
      <inputs>
        <name>ACTION</name>
        <type>8</type>
        <description>Action</description>
      </inputs>
      <outputs>
        <name>MESSAGE</name>
        <type>8</type>
        <description>Message</description>
      </outputs>
      <businessrulecalculations />
      <decisiontabledata>
        <HitPolicyType>First</HitPolicyType>
        <ShowOnTableVariables />
        <CollectPolicyOperator>None</CollectPolicyOperator>
      </decisiontabledata>
    </Rule>
  </BusinessRule>
  <BusinessRule>
    <Identity>
      <AutomaticallyPopulate>true</AutomaticallyPopulate>
      <Id>C1DD8AF80D9B4A7B92D02D64680CC03D</Id>
      <Name>BR_MininumLength</Name>
      <Version>4</Version>
      <ProcessId />
    </Identity>
    <LatestVersion>false</LatestVersion>
    <Version>4</Version>
    <ProcessIdentity>
      <Id>95E6CD9D3F9944BBAE57BBD18174024F</Id>
      <AutomaticallyPopulate>true</AutomaticallyPopulate>
      <Version>4</Version>
      <Name>BR_MininumLength</Name>
    </ProcessIdentity>
    <RuleType>Process</RuleType>
    <CategoryIdentity>
      <Id>2278FC5DACAA4553B7C22F31F86B8194</Id>
      <AutomaticallyPopulate>true</AutomaticallyPopulate>
      <Name />
    </CategoryIdentity>
    <LastModifiedUserName>svc_kfx_test</LastModifiedUserName>
    <FlaggedForRelease>false</FlaggedForRelease>
    <CurrentRuleView>Released</CurrentRuleView>
    <IsRuleInUse>false</IsRuleInUse>
    <LastModifiedUser>9B95EBF369AC41C1983BB8F97DD056D4</LastModifiedUser>
    <LastModifiedDate>2021-11-26T13:44:52.777</LastModifiedDate>
    <WIPRuleData>
      <decisiontabledata>
        <HitPolicyType>First</HitPolicyType>
        <ShowOnTableVariables />
        <CollectPolicyOperator>None</CollectPolicyOperator>
      </decisiontabledata>
    </WIPRuleData>
    <ReleaseRuleData>
      <inputs>
        <name>TEXTVALUE</name>
        <type>8</type>
        <description>TextValue</description>
      </inputs>
      <inputs>
        <name>MINLENGTH</name>
        <type>2</type>
        <description>Minlength</description>
      </inputs>
      <outputs>
        <name>RESULT</name>
        <type>11</type>
        <description>Result</description>
      </outputs>
      <businessrulecalculations />
      <decisiontabledata>
        <HitPolicyType>First</HitPolicyType>
        <ShowOnTableVariables />
        <CollectPolicyOperator>None</CollectPolicyOperator>
      </decisiontabledata>
    </ReleaseRuleData>
    <Description />
    <Rule>
      <inputs>
        <name>TEXTVALUE</name>
        <type>8</type>
        <description>TextValue</description>
      </inputs>
      <inputs>
        <name>MINLENGTH</name>
        <type>2</type>
        <description>Minlength</description>
      </inputs>
      <outputs>
        <name>RESULT</name>
        <type>11</type>
        <description>Result</description>
      </outputs>
      <businessrulecalculations />
      <decisiontabledata>
        <HitPolicyType>First</HitPolicyType>
        <ShowOnTableVariables />
        <CollectPolicyOperator>None</CollectPolicyOperator>
      </decisiontabledata>
    </Rule>
  </BusinessRule>
  <BusinessRule>
    <Identity>
      <AutomaticallyPopulate>true</AutomaticallyPopulate>
      <Id>04774CBC1A5D449E8F7713F752B62179</Id>
      <Name>BR CalcSubTotalRule</Name>
      <Version>5</Version>
      <ProcessId />
    </Identity>
    <LatestVersion>false</LatestVersion>
    <Version>5</Version>
    <ProcessIdentity>
      <Id>A1596A7ED33C42D294F7CA0CE7FCBC2A</Id>
      <AutomaticallyPopulate>true</AutomaticallyPopulate>
      <Version>5</Version>
      <Name>BR CalcSubTotalRule</Name>
    </ProcessIdentity>
    <RuleType>Process</RuleType>
    <CategoryIdentity>
      <Id>2278FC5DACAA4553B7C22F31F86B8194</Id>
      <AutomaticallyPopulate>true</AutomaticallyPopulate>
      <Name />
    </CategoryIdentity>
    <LastModifiedUserName>svc_kfx_test</LastModifiedUserName>
    <FlaggedForRelease>false</FlaggedForRelease>
    <CurrentRuleView>Released</CurrentRuleView>
    <IsRuleInUse>false</IsRuleInUse>
    <LastModifiedUser>9B95EBF369AC41C1983BB8F97DD056D4</LastModifiedUser>
    <LastModifiedDate>2021-11-29T13:17:24.737</LastModifiedDate>
    <WIPRuleData>
      <decisiontabledata>
        <HitPolicyType>First</HitPolicyType>
        <ShowOnTableVariables />
        <CollectPolicyOperator>None</CollectPolicyOperator>
      </decisiontabledata>
    </WIPRuleData>
    <ReleaseRuleData>
      <inputs>
        <name>FREIGHTTOTAL</name>
        <type>6</type>
        <description>FreightTotal</description>
      </inputs>
      <inputs>
        <name>DISCOUNTTOTAL</name>
        <type>6</type>
        <description>DiscountTotal</description>
      </inputs>
      <inputs>
        <name>GSTTOTAL</name>
        <type>8</type>
        <description>GSTTotal</description>
      </inputs>
      <inputs>
        <name>TOTAL</name>
        <type>8</type>
        <description>Total</description>
      </inputs>
      <inputs>
        <name>SUBTOTALSTR</name>
        <type>8</type>
        <description>SubTotal</description>
      </inputs>
      <outputs>
        <name>ISVALID</name>
        <type>11</type>
        <description>IsValid</description>
      </outputs>
      <businessrulecalculations />
      <decisiontabledata>
        <HitPolicyType>First</HitPolicyType>
        <ShowOnTableVariables />
        <CollectPolicyOperator>None</CollectPolicyOperator>
      </decisiontabledata>
    </ReleaseRuleData>
    <Description />
    <Rule>
      <inputs>
        <name>FREIGHTTOTAL</name>
        <type>6</type>
        <description>FreightTotal</description>
      </inputs>
      <inputs>
        <name>DISCOUNTTOTAL</name>
        <type>6</type>
        <description>DiscountTotal</description>
      </inputs>
      <inputs>
        <name>GSTTOTAL</name>
        <type>8</type>
        <description>GSTTotal</description>
      </inputs>
      <inputs>
        <name>TOTAL</name>
        <type>8</type>
        <description>Total</description>
      </inputs>
      <inputs>
        <name>SUBTOTALSTR</name>
        <type>8</type>
        <description>SubTotal</description>
      </inputs>
      <outputs>
        <name>ISVALID</name>
        <type>11</type>
        <description>IsValid</description>
      </outputs>
      <businessrulecalculations />
      <decisiontabledata>
        <HitPolicyType>First</HitPolicyType>
        <ShowOnTableVariables />
        <CollectPolicyOperator>None</CollectPolicyOperator>
      </decisiontabledata>
    </Rule>
  </BusinessRule>
  <BusinessRule>
    <Identity>
      <AutomaticallyPopulate>true</AutomaticallyPopulate>
      <Id>C1B1998CA9E942C69DE152A5B5FF65C5</Id>
      <Name>BR DuplicateInvoiceCheck</Name>
      <Version>7</Version>
      <ProcessId />
    </Identity>
    <LatestVersion>false</LatestVersion>
    <Version>7</Version>
    <ProcessIdentity>
      <Id>DC8C1C4DB4AB40FE84186A9BA07648E6</Id>
      <AutomaticallyPopulate>true</AutomaticallyPopulate>
      <Version>7</Version>
      <Name>BR DuplicateInvoiceCheck</Name>
    </ProcessIdentity>
    <RuleType>Process</RuleType>
    <CategoryIdentity>
      <Id>2278FC5DACAA4553B7C22F31F86B8194</Id>
      <AutomaticallyPopulate>true</AutomaticallyPopulate>
      <Name />
    </CategoryIdentity>
    <LastModifiedUserName>svc_kfx_test</LastModifiedUserName>
    <FlaggedForRelease>false</FlaggedForRelease>
    <CurrentRuleView>Released</CurrentRuleView>
    <IsRuleInUse>false</IsRuleInUse>
    <LastModifiedUser>9B95EBF369AC41C1983BB8F97DD056D4</LastModifiedUser>
    <LastModifiedDate>2021-11-26T13:41:36.523</LastModifiedDate>
    <WIPRuleData>
      <decisiontabledata>
        <HitPolicyType>First</HitPolicyType>
        <ShowOnTableVariables />
        <CollectPolicyOperator>None</CollectPolicyOperator>
      </decisiontabledata>
    </WIPRuleData>
    <ReleaseRuleData>
      <inputs>
        <name>SUPPLIERID</name>
        <type>8</type>
        <description>SupplierID</description>
      </inputs>
      <inputs>
        <name>INVOICENUMBER</name>
        <type>8</type>
        <description>Invoice Number</description>
      </inputs>
      <outputs>
        <name>ISVALID</name>
        <type>11</type>
        <description>IsValid</description>
      </outputs>
      <outputs>
        <name>ERRORMESSAGE</name>
        <type>8</type>
        <description>ErrorMessage</description>
      </outputs>
      <businessrulecalculations />
      <decisiontabledata>
        <HitPolicyType>First</HitPolicyType>
        <ShowOnTableVariables />
        <CollectPolicyOperator>None</CollectPolicyOperator>
      </decisiontabledata>
    </ReleaseRuleData>
    <Description />
    <Rule>
      <inputs>
        <name>SUPPLIERID</name>
        <type>8</type>
        <description>SupplierID</description>
      </inputs>
      <inputs>
        <name>INVOICENUMBER</name>
        <type>8</type>
        <description>Invoice Number</description>
      </inputs>
      <outputs>
        <name>ISVALID</name>
        <type>11</type>
        <description>IsValid</description>
      </outputs>
      <outputs>
        <name>ERRORMESSAGE</name>
        <type>8</type>
        <description>ErrorMessage</description>
      </outputs>
      <businessrulecalculations />
      <decisiontabledata>
        <HitPolicyType>First</HitPolicyType>
        <ShowOnTableVariables />
        <CollectPolicyOperator>None</CollectPolicyOperator>
      </decisiontabledata>
    </Rule>
  </BusinessRule>
  <BusinessRule>
    <Identity>
      <AutomaticallyPopulate>true</AutomaticallyPopulate>
      <Id>B41D4C378D414ADC972618B51C573679</Id>
      <Name>BR Calc Payment Due Date</Name>
      <Version>27</Version>
      <ProcessId />
    </Identity>
    <LatestVersion>false</LatestVersion>
    <Version>27</Version>
    <ProcessIdentity>
      <Id>F19FA9923F9A4BA58245A54CC7767270</Id>
      <AutomaticallyPopulate>true</AutomaticallyPopulate>
      <Version>27</Version>
      <Name>BR Calc Payment Due Date</Name>
    </ProcessIdentity>
    <RuleType>Process</RuleType>
    <CategoryIdentity>
      <Id>2278FC5DACAA4553B7C22F31F86B8194</Id>
      <AutomaticallyPopulate>true</AutomaticallyPopulate>
      <Name />
    </CategoryIdentity>
    <LastModifiedUserName>svc_kfx_test</LastModifiedUserName>
    <FlaggedForRelease>false</FlaggedForRelease>
    <CurrentRuleView>Released</CurrentRuleView>
    <IsRuleInUse>false</IsRuleInUse>
    <LastModifiedUser>9B95EBF369AC41C1983BB8F97DD056D4</LastModifiedUser>
    <LastModifiedDate>2021-11-26T13:40:47.623</LastModifiedDate>
    <WIPRuleData>
      <decisiontabledata>
        <HitPolicyType>First</HitPolicyType>
        <ShowOnTableVariables />
        <CollectPolicyOperator>None</CollectPolicyOperator>
      </decisiontabledata>
    </WIPRuleData>
    <ReleaseRuleData>
      <inputs>
        <name>PAYMENTTERMS</name>
        <type>8</type>
        <description>PaymentTerms</description>
      </inputs>
      <inputs>
        <name>INVOICEDATE</name>
        <type>7</type>
        <description>InvoiceDate</description>
      </inputs>
      <inputs>
        <name>DEFAULTPAYMENTDAYS</name>
        <type>3</type>
        <description>DefaultPaymentDays</description>
      </inputs>
      <outputs>
        <name>PAYMENTDUEDATE</name>
        <type>7</type>
        <description>PaymentDueDate</description>
      </outputs>
      <outputs>
        <name>FORMATTEDTEXT</name>
        <type>8</type>
        <description>FormattedText</description>
      </outputs>
      <businessrulecalculations />
      <decisiontabledata>
        <HitPolicyType>First</HitPolicyType>
        <ShowOnTableVariables />
        <CollectPolicyOperator>None</CollectPolicyOperator>
      </decisiontabledata>
    </ReleaseRuleData>
    <Description />
    <Rule>
      <inputs>
        <name>PAYMENTTERMS</name>
        <type>8</type>
        <description>PaymentTerms</description>
      </inputs>
      <inputs>
        <name>INVOICEDATE</name>
        <type>7</type>
        <description>InvoiceDate</description>
      </inputs>
      <inputs>
        <name>DEFAULTPAYMENTDAYS</name>
        <type>3</type>
        <description>DefaultPaymentDays</description>
      </inputs>
      <outputs>
        <name>PAYMENTDUEDATE</name>
        <type>7</type>
        <description>PaymentDueDate</description>
      </outputs>
      <outputs>
        <name>FORMATTEDTEXT</name>
        <type>8</type>
        <description>FormattedText</description>
      </outputs>
      <businessrulecalculations />
      <decisiontabledata>
        <HitPolicyType>First</HitPolicyType>
        <ShowOnTableVariables />
        <CollectPolicyOperator>None</CollectPolicyOperator>
      </decisiontabledata>
    </Rule>
  </BusinessRule>
</ArrayOfBusinessRule>