<?xml version="1.0" encoding="utf-16"?>
<ArrayOfLookup xmlns:xsd="http://www.w3.org/2001/XMLSchema" xmlns:xsi="http://www.w3.org/2001/XMLSchema-instance">
  <Lookup>
    <Identity>
      <Id>7348360D1ED040EAB1F70E92BCFE3EF3</Id>
      <Name>Export Error Actions</Name>
    </Identity>
    <CategoryIdentity>
      <Id>2278FC5DACAA4553B7C22F31F86B8194</Id>
      <AutomaticallyPopulate>true</AutomaticallyPopulate>
      <Name />
    </CategoryIdentity>
    <LastModifiedDate>2014-11-20T20:54:37.013</LastModifiedDate>
    <Items>
      <ChoiceDataSourceEntity>
        <IsInputPrompt>false</IsInputPrompt>
        <Id>95FCE6A8FC7E46EDB9816ADF3787F928</Id>
        <DisplayMember xsi:type="xsd:string">Retry</DisplayMember>
        <ValueMember xsi:type="xsd:string">Retry</ValueMember>
        <IsDefaultValue>true</IsDefaultValue>
        <IsInherited>false</IsInherited>
      </ChoiceDataSourceEntity>
      <ChoiceDataSourceEntity>
        <IsInputPrompt>false</IsInputPrompt>
        <Id>F70BCA6A89D04973A1FE9081F22D318B</Id>
        <DisplayMember xsi:type="xsd:string">Continue</DisplayMember>
        <ValueMember xsi:type="xsd:string">Continue</ValueMember>
        <IsDefaultValue>false</IsDefaultValue>
        <IsInherited>false</IsInherited>
      </ChoiceDataSourceEntity>
    </Items>
    <LastModifiedUser>
      <Id>9B95EBF369AC41C1983BB8F97DD056D4</Id>
      <AutomaticallyPopulate>true</AutomaticallyPopulate>
      <ResourceType>Worker</ResourceType>
      <EmailAddress />
      <UserId />
      <ManagerialLevel>0</ManagerialLevel>
    </LastModifiedUser>
    <LanguageItems />
    <HasTranslatedItems>false</HasTranslatedItems>
    <DefaultValue>Retry</DefaultValue>
    <Description />
  </Lookup>
  <Lookup>
    <Identity>
      <Id>8BC2365A2C754700A938A9ECEB5918C1</Id>
      <Name>Duplicate Invoice</Name>
    </Identity>
    <CategoryIdentity>
      <Id>2278FC5DACAA4553B7C22F31F86B8194</Id>
      <AutomaticallyPopulate>true</AutomaticallyPopulate>
      <Name />
    </CategoryIdentity>
    <LastModifiedDate>2014-12-30T11:43:35.66</LastModifiedDate>
    <Items>
      <ChoiceDataSourceEntity>
        <IsInputPrompt>false</IsInputPrompt>
        <Id>32BB1C8E9963431898CB3D813D365B3B</Id>
        <DisplayMember xsi:type="xsd:string">No</DisplayMember>
        <ValueMember xsi:type="xsd:string">No</ValueMember>
        <IsDefaultValue>false</IsDefaultValue>
        <IsInherited>false</IsInherited>
      </ChoiceDataSourceEntity>
      <ChoiceDataSourceEntity>
        <IsInputPrompt>false</IsInputPrompt>
        <Id>331146081110464994AC7E75377CB4E1</Id>
        <DisplayMember xsi:type="xsd:string">Yes</DisplayMember>
        <ValueMember xsi:type="xsd:string">Yes</ValueMember>
        <IsDefaultValue>true</IsDefaultValue>
        <IsInherited>false</IsInherited>
      </ChoiceDataSourceEntity>
    </Items>
    <LastModifiedUser>
      <Id>9B95EBF369AC41C1983BB8F97DD056D4</Id>
      <AutomaticallyPopulate>true</AutomaticallyPopulate>
      <ResourceType>Worker</ResourceType>
      <EmailAddress />
      <UserId />
      <ManagerialLevel>0</ManagerialLevel>
    </LastModifiedUser>
    <LanguageItems />
    <HasTranslatedItems>false</HasTranslatedItems>
    <DefaultValue>Yes</DefaultValue>
    <Description />
  </Lookup>
  <Lookup>
    <Identity>
      <Id>B612481753A245B782CB4D37B47D28C1</Id>
      <Name>Document Rejection</Name>
    </Identity>
    <CategoryIdentity>
      <Id>2278FC5DACAA4553B7C22F31F86B8194</Id>
      <AutomaticallyPopulate>true</AutomaticallyPopulate>
      <Name />
    </CategoryIdentity>
    <LastModifiedDate>2014-11-20T20:54:37.01</LastModifiedDate>
    <Items>
      <ChoiceDataSourceEntity>
        <IsInputPrompt>true</IsInputPrompt>
        <Id>C29DFDF62DAD40A9B4C9C80DB4D4FEC5</Id>
        <DisplayMember xsi:type="xsd:string">Reason to Reject the Document?</DisplayMember>
        <ValueMember xsi:type="xsd:string" />
        <IsDefaultValue>false</IsDefaultValue>
        <IsInherited>false</IsInherited>
      </ChoiceDataSourceEntity>
      <ChoiceDataSourceEntity>
        <IsInputPrompt>false</IsInputPrompt>
        <Id>380DDB478A0F42638C202F0EB8C9A88D</Id>
        <DisplayMember xsi:type="xsd:string">Poorly scanned image</DisplayMember>
        <ValueMember xsi:type="xsd:string">Poorly scanned image</ValueMember>
        <IsDefaultValue>true</IsDefaultValue>
        <IsInherited>false</IsInherited>
      </ChoiceDataSourceEntity>
      <ChoiceDataSourceEntity>
        <IsInputPrompt>false</IsInputPrompt>
        <Id>7FD1AE608C22403BBBAB15ED092A8406</Id>
        <DisplayMember xsi:type="xsd:string">Missing page</DisplayMember>
        <ValueMember xsi:type="xsd:string">Missing page</ValueMember>
        <IsDefaultValue>false</IsDefaultValue>
        <IsInherited>false</IsInherited>
      </ChoiceDataSourceEntity>
      <ChoiceDataSourceEntity>
        <IsInputPrompt>false</IsInputPrompt>
        <Id>C98469B7A36C45509F8820D5D0120294</Id>
        <DisplayMember xsi:type="xsd:string">Unknown document</DisplayMember>
        <ValueMember xsi:type="xsd:string">Unknown document</ValueMember>
        <IsDefaultValue>false</IsDefaultValue>
        <IsInherited>false</IsInherited>
      </ChoiceDataSourceEntity>
      <ChoiceDataSourceEntity>
        <IsInputPrompt>false</IsInputPrompt>
        <Id>31CAFC80E90343C89DE56E4746C081AD</Id>
        <DisplayMember xsi:type="xsd:string">Skewed image</DisplayMember>
        <ValueMember xsi:type="xsd:string">Skewed image</ValueMember>
        <IsDefaultValue>false</IsDefaultValue>
        <IsInherited>false</IsInherited>
      </ChoiceDataSourceEntity>
      <ChoiceDataSourceEntity>
        <IsInputPrompt>false</IsInputPrompt>
        <Id>C83296EDBB804725B64C4F926989D2D8</Id>
        <DisplayMember xsi:type="xsd:string">Missing document</DisplayMember>
        <ValueMember xsi:type="xsd:string">Missing document</ValueMember>
        <IsDefaultValue>false</IsDefaultValue>
        <IsInherited>false</IsInherited>
      </ChoiceDataSourceEntity>
      <ChoiceDataSourceEntity>
        <IsInputPrompt>false</IsInputPrompt>
        <Id>82BE2C58D3044F5FA91D3E78E9ADA748</Id>
        <DisplayMember xsi:type="xsd:string">Illegal bar code or patch code</DisplayMember>
        <ValueMember xsi:type="xsd:string">Illegal bar code or patch code</ValueMember>
        <IsDefaultValue>false</IsDefaultValue>
        <IsInherited>false</IsInherited>
      </ChoiceDataSourceEntity>
    </Items>
    <LastModifiedUser>
      <Id>9B95EBF369AC41C1983BB8F97DD056D4</Id>
      <AutomaticallyPopulate>true</AutomaticallyPopulate>
      <ResourceType>Worker</ResourceType>
      <EmailAddress />
      <UserId />
      <ManagerialLevel>0</ManagerialLevel>
    </LastModifiedUser>
    <LanguageItems />
    <HasTranslatedItems>false</HasTranslatedItems>
    <DefaultValue>Poorly scanned image</DefaultValue>
    <Description />
  </Lookup>
</ArrayOfLookup>