<?xml version="1.0" encoding="utf-16"?><SpaPackageImportExportData xmlns:xsd="http://www.w3.org/2001/XMLSchema" xmlns:xsi="http://www.w3.org/2001/XMLSchema-instance" dbversion="7.900000"><PackageSummary><SpaPackageIdentity><Id>F7A78125654947F6AA24E474B8F9DCCF</Id><Name>Invoice Processing Prod</Name><Version>2</Version></SpaPackageIdentity><Description /><CategoryIdentity><Id>2278FC5DACAA4553B7C22F31F86B8194</Id><AutomaticallyPopulate>true</AutomaticallyPopulate><Name>Invoice Processing</Name></CategoryIdentity><LastModifiedDateTime>2021-12-17T13:25:07.83</LastModifiedDateTime><LastModifiedResource><Id>9B95EBF369AC41C1983BB8F97DD056D4</Id><AutomaticallyPopulate>true</AutomaticallyPopulate><Name>svc_kfx_test</Name><ResourceType>Worker</ResourceType><EmailAddress /><UserId /><ManagerialLevel>0</ManagerialLevel></LastModifiedResource><Comments /><ResourceAccessTokens><ResourceAccess><ResourceIdentity><Id>7DF43CCDF24611D2804B00104B71BD15</Id><AutomaticallyPopulate>true</AutomaticallyPopulate><Name>Everyone</Name><ResourceType>GroupOfWorkers</ResourceType><EmailAddress /><UserId /><ManagerialLevel>0</ManagerialLevel></ResourceIdentity><AccessType>MaintenanceAccess</AccessType><PermissionType>FullControl</PermissionType></ResourceAccess></ResourceAccessTokens><PermissionType>FullControl</PermissionType></PackageSummary><Processes /><ProcessExportOption><ExportResources>false</ExportResources><ExportGroupResourceMembers>false</ExportGroupResourceMembers><ExportResourcesExtensions>false</ExportResourcesExtensions><ExportCategories>false</ExportCategories><WithCategoryParentage>false</WithCategoryParentage><GeneralizedExport>false</GeneralizedExport><ExportDotNetReferencesWithPath>true</ExportDotNetReferencesWithPath><ExportCaseFragments>false</ExportCaseFragments><ExportTemplateSkins>false</ExportTemplateSkins><ExportExtractionClassificationData>true</ExportExtractionClassificationData><ExportGlobalDataModels>false</ExportGlobalDataModels><ExportProcessDataModels>false</ExportProcessDataModels><ExportType>CombineAssociatedMaps</ExportType><Version>0</Version><ExportServerVariables>true</ExportServerVariables><PreloadScript>1</PreloadScript><SleepDuration>0</SleepDuration><CategoryIds /><ProcessDocument>false</ProcessDocument><ProcessViewer>false</ProcessViewer><DotNetActivityType>0</DotNetActivityType><Projects /><AllProcessVariables /><ExportOnlyDocumentGroupIdentityDetails>false</ExportOnlyDocumentGroupIdentityDetails><SiteDetailsRequired>false</SiteDetailsRequired><CmisSiteDetailsRequired>false</CmisSiteDetailsRequired><Assets /><PerceptiveSiteDetailsRequired>false</PerceptiveSiteDetailsRequired><IncludeExportConnectorMappings>false</IncludeExportConnectorMappings><IsSpaExport>false</IsSpaExport><ProcessType>BusinessProcess</ProcessType><ProtectedItems /><ExportPageRenditions>false</ExportPageRenditions><ExportReportingTags>false</ExportReportingTags><IncludeProcessAssociationsInPackage>false</IncludeProcessAssociationsInPackage></ProcessExportOption><WorkAllocationRules /><Skins /><BusinessRules><ImportExportPackageSummaryOfBusinessRuleIdentity><Identity><AutomaticallyPopulate>true</AutomaticallyPopulate><Id>2726B321D3EE4E38AF1D9FCE1B3DE379</Id><Name>BR CalcSubTotal</Name><Version>6</Version><ProcessId /></Identity><LastModifiedBy><Id>9B95EBF369AC41C1983BB8F97DD056D4</Id><AutomaticallyPopulate>true</AutomaticallyPopulate><ResourceType>Worker</ResourceType><EmailAddress /><UserId /><ManagerialLevel>0</ManagerialLevel></LastModifiedBy><LastModified>2021-11-29T13:18:45.377</LastModified></ImportExportPackageSummaryOfBusinessRuleIdentity><ImportExportPackageSummaryOfBusinessRuleIdentity><Identity><AutomaticallyPopulate>true</AutomaticallyPopulate><Id>2B5371F14B7D48B7AEBB53C1206FFC4B</Id><Name>BR_ErrorAction</Name><Version>2</Version><ProcessId /></Identity><LastModifiedBy><Id>9B95EBF369AC41C1983BB8F97DD056D4</Id><AutomaticallyPopulate>true</AutomaticallyPopulate><ResourceType>Worker</ResourceType><EmailAddress /><UserId /><ManagerialLevel>0</ManagerialLevel></LastModifiedBy><LastModified>2021-04-19T17:18:40.29</LastModified></ImportExportPackageSummaryOfBusinessRuleIdentity><ImportExportPackageSummaryOfBusinessRuleIdentity><Identity><AutomaticallyPopulate>true</AutomaticallyPopulate><Id>FCD21DF903E744B9928093F2D99BEAFB</Id><Name>BR Format Date</Name><Version>11</Version><ProcessId /></Identity><LastModifiedBy><Id>9B95EBF369AC41C1983BB8F97DD056D4</Id><AutomaticallyPopulate>true</AutomaticallyPopulate><ResourceType>Worker</ResourceType><EmailAddress /><UserId /><ManagerialLevel>0</ManagerialLevel></LastModifiedBy><LastModified>2021-11-26T13:41:50.677</LastModified></ImportExportPackageSummaryOfBusinessRuleIdentity><ImportExportPackageSummaryOfBusinessRuleIdentity><Identity><AutomaticallyPopulate>true</AutomaticallyPopulate><Id>6FC784A49183428D80FD1EB4831D5E34</Id><Name>BR Calc GST Total</Name><Version>8</Version><ProcessId /></Identity><LastModifiedBy><Id>9B95EBF369AC41C1983BB8F97DD056D4</Id><AutomaticallyPopulate>true</AutomaticallyPopulate><ResourceType>Worker</ResourceType><EmailAddress /><UserId /><ManagerialLevel>0</ManagerialLevel></LastModifiedBy><LastModified>2021-11-29T13:18:05.01</LastModified></ImportExportPackageSummaryOfBusinessRuleIdentity><ImportExportPackageSummaryOfBusinessRuleIdentity><Identity><AutomaticallyPopulate>true</AutomaticallyPopulate><Id>5F0D414226494B94967B3CC541CD22CC</Id><Name>BR_DuplicateInvoiceDocumentId</Name><Version>4</Version><ProcessId /></Identity><LastModifiedBy><Id>9B95EBF369AC41C1983BB8F97DD056D4</Id><AutomaticallyPopulate>true</AutomaticallyPopulate><ResourceType>Worker</ResourceType><EmailAddress /><UserId /><ManagerialLevel>0</ManagerialLevel></LastModifiedBy><LastModified>2021-11-26T13:43:55.573</LastModified></ImportExportPackageSummaryOfBusinessRuleIdentity><ImportExportPackageSummaryOfBusinessRuleIdentity><Identity><AutomaticallyPopulate>true</AutomaticallyPopulate><Id>0A95E4CF4A3B485FBC7CE31BC03B8729</Id><Name>BR ConvertUSADateToEURDate</Name><Version>5</Version><ProcessId /></Identity><LastModifiedBy><Id>9B95EBF369AC41C1983BB8F97DD056D4</Id><AutomaticallyPopulate>true</AutomaticallyPopulate><ResourceType>Worker</ResourceType><EmailAddress /><UserId /><ManagerialLevel>0</ManagerialLevel></LastModifiedBy><LastModified>2021-11-26T13:41:21.973</LastModified></ImportExportPackageSummaryOfBusinessRuleIdentity><ImportExportPackageSummaryOfBusinessRuleIdentity><Identity><AutomaticallyPopulate>true</AutomaticallyPopulate><Id>9D4B93EF73F84654A70964D0C3802BC7</Id><Name>BR_SetDocumentType</Name><Version>6</Version><ProcessId /></Identity><LastModifiedBy><Id>9B95EBF369AC41C1983BB8F97DD056D4</Id><AutomaticallyPopulate>true</AutomaticallyPopulate><ResourceType>Worker</ResourceType><EmailAddress /><UserId /><ManagerialLevel>0</ManagerialLevel></LastModifiedBy><LastModified>2021-11-26T13:45:10.323</LastModified></ImportExportPackageSummaryOfBusinessRuleIdentity><ImportExportPackageSummaryOfBusinessRuleIdentity><Identity><AutomaticallyPopulate>true</AutomaticallyPopulate><Id>FD1869B866F84472ABC0B25ACA54A5A6</Id><Name>BR_EmailTemplateComfirmMsg</Name><Version>2</Version><ProcessId /></Identity><LastModifiedBy><Id>9B95EBF369AC41C1983BB8F97DD056D4</Id><AutomaticallyPopulate>true</AutomaticallyPopulate><ResourceType>Worker</ResourceType><EmailAddress /><UserId /><ManagerialLevel>0</ManagerialLevel></LastModifiedBy><LastModified>2021-11-26T13:44:09.853</LastModified></ImportExportPackageSummaryOfBusinessRuleIdentity><ImportExportPackageSummaryOfBusinessRuleIdentity><Identity><AutomaticallyPopulate>true</AutomaticallyPopulate><Id>C1DD8AF80D9B4A7B92D02D64680CC03D</Id><Name>BR_MininumLength</Name><Version>4</Version><ProcessId /></Identity><LastModifiedBy><Id>9B95EBF369AC41C1983BB8F97DD056D4</Id><AutomaticallyPopulate>true</AutomaticallyPopulate><ResourceType>Worker</ResourceType><EmailAddress /><UserId /><ManagerialLevel>0</ManagerialLevel></LastModifiedBy><LastModified>2021-11-26T13:44:52.777</LastModified></ImportExportPackageSummaryOfBusinessRuleIdentity><ImportExportPackageSummaryOfBusinessRuleIdentity><Identity><AutomaticallyPopulate>true</AutomaticallyPopulate><Id>04774CBC1A5D449E8F7713F752B62179</Id><Name>BR CalcSubTotalRule</Name><Version>5</Version><ProcessId /></Identity><LastModifiedBy><Id>9B95EBF369AC41C1983BB8F97DD056D4</Id><AutomaticallyPopulate>true</AutomaticallyPopulate><ResourceType>Worker</ResourceType><EmailAddress /><UserId /><ManagerialLevel>0</ManagerialLevel></LastModifiedBy><LastModified>2021-11-29T13:17:24.737</LastModified></ImportExportPackageSummaryOfBusinessRuleIdentity><ImportExportPackageSummaryOfBusinessRuleIdentity><Identity><AutomaticallyPopulate>true</AutomaticallyPopulate><Id>C1B1998CA9E942C69DE152A5B5FF65C5</Id><Name>BR DuplicateInvoiceCheck</Name><Version>7</Version><ProcessId /></Identity><LastModifiedBy><Id>9B95EBF369AC41C1983BB8F97DD056D4</Id><AutomaticallyPopulate>true</AutomaticallyPopulate><ResourceType>Worker</ResourceType><EmailAddress /><UserId /><ManagerialLevel>0</ManagerialLevel></LastModifiedBy><LastModified>2021-11-26T13:41:36.523</LastModified></ImportExportPackageSummaryOfBusinessRuleIdentity><ImportExportPackageSummaryOfBusinessRuleIdentity><Identity><AutomaticallyPopulate>true</AutomaticallyPopulate><Id>B41D4C378D414ADC972618B51C573679</Id><Name>BR Calc Payment Due Date</Name><Version>27</Version><ProcessId /></Identity><LastModifiedBy><Id>9B95EBF369AC41C1983BB8F97DD056D4</Id><AutomaticallyPopulate>true</AutomaticallyPopulate><ResourceType>Worker</ResourceType><EmailAddress /><UserId /><ManagerialLevel>0</ManagerialLevel></LastModifiedBy><LastModified>2021-11-26T13:40:47.623</LastModified></ImportExportPackageSummaryOfBusinessRuleIdentity></BusinessRules><CustomServices /><CustomServiceGroups /><Assets><ImportExportPackageSummaryOfAssetIdentity><Identity><Id>B42C3A88A06F43F5ACF5675F0188C5EC</Id><Name>TotalAgilityWorkspace.css</Name><AssetType>StyleSheet</AssetType><AutomaticallyPopulate>true</AutomaticallyPopulate><StorageId>0</StorageId></Identity><LastModifiedBy><Id /><AutomaticallyPopulate>true</AutomaticallyPopulate><ResourceType>Worker</ResourceType><EmailAddress /><UserId /><ManagerialLevel>0</ManagerialLevel></LastModifiedBy><LastModified>2021-04-16T13:44:05.027</LastModified></ImportExportPackageSummaryOfAssetIdentity><ImportExportPackageSummaryOfAssetIdentity><Identity><Id>7CE2EAA5738B456C8642A3C3737EEF6F</Id><Name>WorkspaceTheme.css</Name><AssetType>StyleSheet</AssetType><AutomaticallyPopulate>true</AutomaticallyPopulate><StorageId>0</StorageId></Identity><LastModifiedBy><Id /><AutomaticallyPopulate>true</AutomaticallyPopulate><ResourceType>Worker</ResourceType><EmailAddress /><UserId /><ManagerialLevel>0</ManagerialLevel></LastModifiedBy><LastModified>2016-08-23T05:02:00.85</LastModified></ImportExportPackageSummaryOfAssetIdentity><ImportExportPackageSummaryOfAssetIdentity><Identity><Id>02F8FBC4169C4BF89D34EDF390BD03B4</Id><Name>viewerzoomin.png</Name><AssetType>Image</AssetType><AutomaticallyPopulate>true</AutomaticallyPopulate><StorageId>0</StorageId></Identity><LastModifiedBy><Id /><AutomaticallyPopulate>true</AutomaticallyPopulate><ResourceType>Worker</ResourceType><EmailAddress /><UserId /><ManagerialLevel>0</ManagerialLevel></LastModifiedBy><LastModified>2016-11-02T17:22:54.377</LastModified></ImportExportPackageSummaryOfAssetIdentity><ImportExportPackageSummaryOfAssetIdentity><Identity><Id>08C550B3CC6647A69470FE5E310C4239</Id><Name>viewerfittowidth.png</Name><AssetType>Image</AssetType><AutomaticallyPopulate>true</AutomaticallyPopulate><StorageId>0</StorageId></Identity><LastModifiedBy><Id /><AutomaticallyPopulate>true</AutomaticallyPopulate><ResourceType>Worker</ResourceType><EmailAddress /><UserId /><ManagerialLevel>0</ManagerialLevel></LastModifiedBy><LastModified>2016-11-02T17:22:53.643</LastModified></ImportExportPackageSummaryOfAssetIdentity><ImportExportPackageSummaryOfAssetIdentity><Identity><Id>10D0142C04DA46E3B20F8877E152A951</Id><Name>Header_Collapsed_InvoiceDetails.png</Name><AssetType>Image</AssetType><AutomaticallyPopulate>true</AutomaticallyPopulate><StorageId>0</StorageId></Identity><LastModifiedBy><Id /><AutomaticallyPopulate>true</AutomaticallyPopulate><ResourceType>Worker</ResourceType><EmailAddress /><UserId /><ManagerialLevel>0</ManagerialLevel></LastModifiedBy><LastModified>2017-08-28T14:00:23.39</LastModified></ImportExportPackageSummaryOfAssetIdentity><ImportExportPackageSummaryOfAssetIdentity><Identity><Id>3B09AAD536B74E36AD915FB29B9D8E12</Id><Name>Mail-unread.gif</Name><AssetType>Image</AssetType><AutomaticallyPopulate>true</AutomaticallyPopulate><StorageId>0</StorageId></Identity><LastModifiedBy><Id /><AutomaticallyPopulate>true</AutomaticallyPopulate><ResourceType>Worker</ResourceType><EmailAddress /><UserId /><ManagerialLevel>0</ManagerialLevel></LastModifiedBy><LastModified>2016-11-02T17:22:53.393</LastModified></ImportExportPackageSummaryOfAssetIdentity><ImportExportPackageSummaryOfAssetIdentity><Identity><Id>400AA1AE248949E5B013DAA22A95BAE4</Id><Name>Edit1.png</Name><AssetType>Image</AssetType><AutomaticallyPopulate>true</AutomaticallyPopulate><StorageId>0</StorageId></Identity><LastModifiedBy><Id /><AutomaticallyPopulate>true</AutomaticallyPopulate><ResourceType>Worker</ResourceType><EmailAddress /><UserId /><ManagerialLevel>0</ManagerialLevel></LastModifiedBy><LastModified>2017-06-27T16:04:24.113</LastModified></ImportExportPackageSummaryOfAssetIdentity><ImportExportPackageSummaryOfAssetIdentity><Identity><Id>5A80A6A568E140C1B09220CEC302F415</Id><Name>Return.png</Name><AssetType>Image</AssetType><AutomaticallyPopulate>true</AutomaticallyPopulate><StorageId>0</StorageId></Identity><LastModifiedBy><Id /><AutomaticallyPopulate>true</AutomaticallyPopulate><ResourceType>Worker</ResourceType><EmailAddress /><UserId /><ManagerialLevel>0</ManagerialLevel></LastModifiedBy><LastModified>2016-11-02T17:22:53.41</LastModified></ImportExportPackageSummaryOfAssetIdentity><ImportExportPackageSummaryOfAssetIdentity><Identity><Id>5E358FBE3D0242B4B0EB168F83CFAAD6</Id><Name>Refresh.png</Name><AssetType>Image</AssetType><AutomaticallyPopulate>true</AutomaticallyPopulate><StorageId>0</StorageId></Identity><LastModifiedBy><Id /><AutomaticallyPopulate>true</AutomaticallyPopulate><ResourceType>Worker</ResourceType><EmailAddress /><UserId /><ManagerialLevel>0</ManagerialLevel></LastModifiedBy><LastModified>2017-03-29T14:47:16.94</LastModified></ImportExportPackageSummaryOfAssetIdentity><ImportExportPackageSummaryOfAssetIdentity><Identity><Id>5FA3241DB99443BEBEBFAB6BC6186EE4</Id><Name>Header_Collapsed_Vendor.png</Name><AssetType>Image</AssetType><AutomaticallyPopulate>true</AutomaticallyPopulate><StorageId>0</StorageId></Identity><LastModifiedBy><Id /><AutomaticallyPopulate>true</AutomaticallyPopulate><ResourceType>Worker</ResourceType><EmailAddress /><UserId /><ManagerialLevel>0</ManagerialLevel></LastModifiedBy><LastModified>2017-06-27T16:04:24.017</LastModified></ImportExportPackageSummaryOfAssetIdentity><ImportExportPackageSummaryOfAssetIdentity><Identity><Id>61200C00C9954062846E27BF9BA851CC</Id><Name>SearchLines.png</Name><AssetType>Image</AssetType><AutomaticallyPopulate>true</AutomaticallyPopulate><StorageId>0</StorageId></Identity><LastModifiedBy><Id /><AutomaticallyPopulate>true</AutomaticallyPopulate><ResourceType>Worker</ResourceType><EmailAddress /><UserId /><ManagerialLevel>0</ManagerialLevel></LastModifiedBy><LastModified>2017-06-27T16:04:24.097</LastModified></ImportExportPackageSummaryOfAssetIdentity><ImportExportPackageSummaryOfAssetIdentity><Identity><Id>6FCBD9F2B4024728A6066A5A55E0094B</Id><Name>POSearch.png</Name><AssetType>Image</AssetType><AutomaticallyPopulate>true</AutomaticallyPopulate><StorageId>0</StorageId></Identity><LastModifiedBy><Id /><AutomaticallyPopulate>true</AutomaticallyPopulate><ResourceType>Worker</ResourceType><EmailAddress /><UserId /><ManagerialLevel>0</ManagerialLevel></LastModifiedBy><LastModified>2017-06-27T16:04:24.08</LastModified></ImportExportPackageSummaryOfAssetIdentity><ImportExportPackageSummaryOfAssetIdentity><Identity><Id>7DB5B7E18B554E2FB2183722992B15E9</Id><Name>Edit.png</Name><AssetType>Image</AssetType><AutomaticallyPopulate>true</AutomaticallyPopulate><StorageId>0</StorageId></Identity><LastModifiedBy><Id /><AutomaticallyPopulate>true</AutomaticallyPopulate><ResourceType>Worker</ResourceType><EmailAddress /><UserId /><ManagerialLevel>0</ManagerialLevel></LastModifiedBy><LastModified>2017-06-27T16:04:24.097</LastModified></ImportExportPackageSummaryOfAssetIdentity><ImportExportPackageSummaryOfAssetIdentity><Identity><Id>8BC74169C8BE47F2BB1FE8FB955F8394</Id><Name>Header_Expanded_Vendor.png</Name><AssetType>Image</AssetType><AutomaticallyPopulate>true</AutomaticallyPopulate><StorageId>0</StorageId></Identity><LastModifiedBy><Id /><AutomaticallyPopulate>true</AutomaticallyPopulate><ResourceType>Worker</ResourceType><EmailAddress /><UserId /><ManagerialLevel>0</ManagerialLevel></LastModifiedBy><LastModified>2017-06-27T16:04:24.017</LastModified></ImportExportPackageSummaryOfAssetIdentity><ImportExportPackageSummaryOfAssetIdentity><Identity><Id>9C34290ACBD540B6BB6B310B9684211F</Id><Name>viewernext.png</Name><AssetType>Image</AssetType><AutomaticallyPopulate>true</AutomaticallyPopulate><StorageId>0</StorageId></Identity><LastModifiedBy><Id /><AutomaticallyPopulate>true</AutomaticallyPopulate><ResourceType>Worker</ResourceType><EmailAddress /><UserId /><ManagerialLevel>0</ManagerialLevel></LastModifiedBy><LastModified>2016-11-02T17:22:54.017</LastModified></ImportExportPackageSummaryOfAssetIdentity><ImportExportPackageSummaryOfAssetIdentity><Identity><Id>A11A210F1E1A4BA5BFB55366A1A9AFB7</Id><Name>viewerbestfit.png</Name><AssetType>Image</AssetType><AutomaticallyPopulate>true</AutomaticallyPopulate><StorageId>0</StorageId></Identity><LastModifiedBy><Id /><AutomaticallyPopulate>true</AutomaticallyPopulate><ResourceType>Worker</ResourceType><EmailAddress /><UserId /><ManagerialLevel>0</ManagerialLevel></LastModifiedBy><LastModified>2016-11-02T17:22:53.643</LastModified></ImportExportPackageSummaryOfAssetIdentity><ImportExportPackageSummaryOfAssetIdentity><Identity><Id>A1BD2B01846942E08B4619DBC4E81C86</Id><Name>Header_Collapsed_POSearch.png</Name><AssetType>Image</AssetType><AutomaticallyPopulate>true</AutomaticallyPopulate><StorageId>0</StorageId></Identity><LastModifiedBy><Id /><AutomaticallyPopulate>true</AutomaticallyPopulate><ResourceType>Worker</ResourceType><EmailAddress /><UserId /><ManagerialLevel>0</ManagerialLevel></LastModifiedBy><LastModified>2017-06-27T16:04:24.067</LastModified></ImportExportPackageSummaryOfAssetIdentity><ImportExportPackageSummaryOfAssetIdentity><Identity><Id>AD4CDC11EF3C4C06BBC4AAE1E1E258EF</Id><Name>viewerzoomout.png</Name><AssetType>Image</AssetType><AutomaticallyPopulate>true</AutomaticallyPopulate><StorageId>0</StorageId></Identity><LastModifiedBy><Id /><AutomaticallyPopulate>true</AutomaticallyPopulate><ResourceType>Worker</ResourceType><EmailAddress /><UserId /><ManagerialLevel>0</ManagerialLevel></LastModifiedBy><LastModified>2016-11-02T17:22:54.703</LastModified></ImportExportPackageSummaryOfAssetIdentity><ImportExportPackageSummaryOfAssetIdentity><Identity><Id>AF2FCEF236864328862B08311D432A58</Id><Name>Header_Expanded_InvoiceDetails.png</Name><AssetType>Image</AssetType><AutomaticallyPopulate>true</AutomaticallyPopulate><StorageId>0</StorageId></Identity><LastModifiedBy><Id /><AutomaticallyPopulate>true</AutomaticallyPopulate><ResourceType>Worker</ResourceType><EmailAddress /><UserId /><ManagerialLevel>0</ManagerialLevel></LastModifiedBy><LastModified>2017-08-28T13:59:46.077</LastModified></ImportExportPackageSummaryOfAssetIdentity><ImportExportPackageSummaryOfAssetIdentity><Identity><Id>B3A1C8C9F9DB4E59839F772332E58F12</Id><Name>viewerprevious.png</Name><AssetType>Image</AssetType><AutomaticallyPopulate>true</AutomaticallyPopulate><StorageId>0</StorageId></Identity><LastModifiedBy><Id /><AutomaticallyPopulate>true</AutomaticallyPopulate><ResourceType>Worker</ResourceType><EmailAddress /><UserId /><ManagerialLevel>0</ManagerialLevel></LastModifiedBy><LastModified>2016-11-02T17:22:54.017</LastModified></ImportExportPackageSummaryOfAssetIdentity><ImportExportPackageSummaryOfAssetIdentity><Identity><Id>C3441E6ABF3B4328A245F9908B36C3DB</Id><Name>AlternativeSearch.png</Name><AssetType>Image</AssetType><AutomaticallyPopulate>true</AutomaticallyPopulate><StorageId>0</StorageId></Identity><LastModifiedBy><Id /><AutomaticallyPopulate>true</AutomaticallyPopulate><ResourceType>Worker</ResourceType><EmailAddress /><UserId /><ManagerialLevel>0</ManagerialLevel></LastModifiedBy><LastModified>2017-06-27T16:04:24.033</LastModified></ImportExportPackageSummaryOfAssetIdentity><ImportExportPackageSummaryOfAssetIdentity><Identity><Id>C3E9EF94EA0E4CDDA3A34199CDDBD95A</Id><Name>Header_Expanded_POSearch.png</Name><AssetType>Image</AssetType><AutomaticallyPopulate>true</AutomaticallyPopulate><StorageId>0</StorageId></Identity><LastModifiedBy><Id /><AutomaticallyPopulate>true</AutomaticallyPopulate><ResourceType>Worker</ResourceType><EmailAddress /><UserId /><ManagerialLevel>0</ManagerialLevel></LastModifiedBy><LastModified>2017-06-27T16:04:24.08</LastModified></ImportExportPackageSummaryOfAssetIdentity><ImportExportPackageSummaryOfAssetIdentity><Identity><Id>D6825F23D23147308EBF080D787344AC</Id><Name>VendorSearch.png</Name><AssetType>Image</AssetType><AutomaticallyPopulate>true</AutomaticallyPopulate><StorageId>0</StorageId></Identity><LastModifiedBy><Id /><AutomaticallyPopulate>true</AutomaticallyPopulate><ResourceType>Worker</ResourceType><EmailAddress /><UserId /><ManagerialLevel>0</ManagerialLevel></LastModifiedBy><LastModified>2017-06-27T16:04:24.033</LastModified></ImportExportPackageSummaryOfAssetIdentity><ImportExportPackageSummaryOfAssetIdentity><Identity><Id>E5569E0E3BC94163B4FA90A71D403812</Id><Name>viewerfullsize.png</Name><AssetType>Image</AssetType><AutomaticallyPopulate>true</AutomaticallyPopulate><StorageId>0</StorageId></Identity><LastModifiedBy><Id /><AutomaticallyPopulate>true</AutomaticallyPopulate><ResourceType>Worker</ResourceType><EmailAddress /><UserId /><ManagerialLevel>0</ManagerialLevel></LastModifiedBy><LastModified>2016-11-02T17:22:53.767</LastModified></ImportExportPackageSummaryOfAssetIdentity></Assets><Forms><ImportExportPackageSummaryOfFormIdentity><Identity><Id>047C85B072754D3B830EADD7B3C6A5FE</Id><AutomaticallyPopulate>true</AutomaticallyPopulate><Name>Check Duplicate InvoiceDuplicate Invoice</Name><Version>91</Version></Identity><LastModifiedBy><Id>9B95EBF369AC41C1983BB8F97DD056D4</Id><AutomaticallyPopulate>false</AutomaticallyPopulate><ResourceType>Worker</ResourceType><EmailAddress /><UserId /><ManagerialLevel>0</ManagerialLevel></LastModifiedBy><LastModified>2021-11-16T08:21:21.21</LastModified></ImportExportPackageSummaryOfFormIdentity><ImportExportPackageSummaryOfFormIdentity><Identity><Id>088ED5A23DF94EFBAB384FB5132E1B10</Id><AutomaticallyPopulate>true</AutomaticallyPopulate><Name>ACCEmailContacts</Name><Version>526</Version></Identity><LastModifiedBy><Id>9B95EBF369AC41C1983BB8F97DD056D4</Id><AutomaticallyPopulate>false</AutomaticallyPopulate><ResourceType>Worker</ResourceType><EmailAddress /><UserId /><ManagerialLevel>0</ManagerialLevel></LastModifiedBy><LastModified>2018-05-14T11:43:34.833</LastModified></ImportExportPackageSummaryOfFormIdentity><ImportExportPackageSummaryOfFormIdentity><Identity><Id>0E4C0576FCFB43D9A941E01607308A82</Id><AutomaticallyPopulate>true</AutomaticallyPopulate><Name>Invoice Processing Capture_Scan</Name><Version>16</Version></Identity><LastModifiedBy><Id>9B95EBF369AC41C1983BB8F97DD056D4</Id><AutomaticallyPopulate>false</AutomaticallyPopulate><ResourceType>Worker</ResourceType><EmailAddress /><UserId /><ManagerialLevel>0</ManagerialLevel></LastModifiedBy><LastModified>2021-04-20T08:10:48.003</LastModified></ImportExportPackageSummaryOfFormIdentity><ImportExportPackageSummaryOfFormIdentity><Identity><Id>2709928DE9824CCB9A51BDCA63F57B9B</Id><AutomaticallyPopulate>true</AutomaticallyPopulate><Name>SystemAdministration</Name><Version>11</Version></Identity><LastModifiedBy><Id>9B95EBF369AC41C1983BB8F97DD056D4</Id><AutomaticallyPopulate>false</AutomaticallyPopulate><ResourceType>Worker</ResourceType><EmailAddress /><UserId /><ManagerialLevel>0</ManagerialLevel></LastModifiedBy><LastModified>2021-04-20T08:12:02.537</LastModified></ImportExportPackageSummaryOfFormIdentity><ImportExportPackageSummaryOfFormIdentity><Identity><Id>51FFEF412B4849899B9109E3D87F672F</Id><AutomaticallyPopulate>true</AutomaticallyPopulate><Name>Invoice Processing Capture_Rescan_Scan</Name><Version>6</Version></Identity><LastModifiedBy><Id>9B95EBF369AC41C1983BB8F97DD056D4</Id><AutomaticallyPopulate>false</AutomaticallyPopulate><ResourceType>Worker</ResourceType><EmailAddress /><UserId /><ManagerialLevel>0</ManagerialLevel></LastModifiedBy><LastModified>2021-04-20T08:10:02.96</LastModified></ImportExportPackageSummaryOfFormIdentity><ImportExportPackageSummaryOfFormIdentity><Identity><Id>7F2E89CD6CAB44528151C5F8C8AFB77C</Id><AutomaticallyPopulate>true</AutomaticallyPopulate><Name>GST Registration SearchGST Registration</Name><Version>160</Version></Identity><LastModifiedBy><Id>9B95EBF369AC41C1983BB8F97DD056D4</Id><AutomaticallyPopulate>false</AutomaticallyPopulate><ResourceType>Worker</ResourceType><EmailAddress /><UserId /><ManagerialLevel>0</ManagerialLevel></LastModifiedBy><LastModified>2021-04-20T08:09:11.147</LastModified></ImportExportPackageSummaryOfFormIdentity><ImportExportPackageSummaryOfFormIdentity><Identity><Id>95437415F88842CC80E0132CAFA6377D</Id><AutomaticallyPopulate>true</AutomaticallyPopulate><Name>Invoice Processing Capture_Validate_Validation</Name><Version>25</Version></Identity><LastModifiedBy><Id>9B95EBF369AC41C1983BB8F97DD056D4</Id><AutomaticallyPopulate>false</AutomaticallyPopulate><ResourceType>Worker</ResourceType><EmailAddress /><UserId /><ManagerialLevel>0</ManagerialLevel></LastModifiedBy><LastModified>2021-11-16T08:20:40.77</LastModified></ImportExportPackageSummaryOfFormIdentity><ImportExportPackageSummaryOfFormIdentity><Identity><Id>98A7CD20ADD14936B8177350BFD8BA9C</Id><AutomaticallyPopulate>true</AutomaticallyPopulate><Name>Tax Invoice Form DetailsworkQueueForm</Name><Version>54</Version></Identity><LastModifiedBy><Id>9B95EBF369AC41C1983BB8F97DD056D4</Id><AutomaticallyPopulate>false</AutomaticallyPopulate><ResourceType>Worker</ResourceType><EmailAddress /><UserId /><ManagerialLevel>0</ManagerialLevel></LastModifiedBy><LastModified>2021-11-16T08:24:29.937</LastModified></ImportExportPackageSummaryOfFormIdentity><ImportExportPackageSummaryOfFormIdentity><Identity><Id>9A2AC318FFB644DCB4764177B154FC59</Id><AutomaticallyPopulate>true</AutomaticallyPopulate><Name>Supplier Lookup</Name><Version>28</Version></Identity><LastModifiedBy><Id>9B95EBF369AC41C1983BB8F97DD056D4</Id><AutomaticallyPopulate>false</AutomaticallyPopulate><ResourceType>Worker</ResourceType><EmailAddress /><UserId /><ManagerialLevel>0</ManagerialLevel></LastModifiedBy><LastModified>2021-04-20T08:11:52.133</LastModified></ImportExportPackageSummaryOfFormIdentity><ImportExportPackageSummaryOfFormIdentity><Identity><Id>9C8C7B8A11314CD59514579A13EE2A55</Id><AutomaticallyPopulate>true</AutomaticallyPopulate><Name>Email Template Maintenance</Name><Version>39</Version></Identity><LastModifiedBy><Id>B42D78B8B8544DAAAE10D92A0BD73C89</Id><AutomaticallyPopulate>false</AutomaticallyPopulate><ResourceType>Worker</ResourceType><EmailAddress /><UserId /><ManagerialLevel>0</ManagerialLevel></LastModifiedBy><LastModified>2017-09-13T15:23:58.72</LastModified></ImportExportPackageSummaryOfFormIdentity><ImportExportPackageSummaryOfFormIdentity><Identity><Id>BFAE887AF35B4CFC88884087F5F87A97</Id><AutomaticallyPopulate>true</AutomaticallyPopulate><Name>Invoice Processing CaptureExport Folder Error</Name><Version>8</Version></Identity><LastModifiedBy><Id>9B95EBF369AC41C1983BB8F97DD056D4</Id><AutomaticallyPopulate>false</AutomaticallyPopulate><ResourceType>Worker</ResourceType><EmailAddress /><UserId /><ManagerialLevel>0</ManagerialLevel></LastModifiedBy><LastModified>2021-04-20T08:11:26.6</LastModified></ImportExportPackageSummaryOfFormIdentity><ImportExportPackageSummaryOfFormIdentity><Identity><Id>D61407845A924EFF824D8D5801C8C2BE</Id><AutomaticallyPopulate>true</AutomaticallyPopulate><Name>ACCEmailDocument</Name><Version>525</Version></Identity><LastModifiedBy><Id>9B95EBF369AC41C1983BB8F97DD056D4</Id><AutomaticallyPopulate>false</AutomaticallyPopulate><ResourceType>Worker</ResourceType><EmailAddress /><UserId /><ManagerialLevel>0</ManagerialLevel></LastModifiedBy><LastModified>2021-04-20T08:08:44.71</LastModified></ImportExportPackageSummaryOfFormIdentity><ImportExportPackageSummaryOfFormIdentity><Identity><Id>EA2D31FE46DC45D286A8CBA668AD027F</Id><AutomaticallyPopulate>true</AutomaticallyPopulate><Name>Tax Invoice_Validation</Name><Version>741</Version></Identity><LastModifiedBy><Id>9B95EBF369AC41C1983BB8F97DD056D4</Id><AutomaticallyPopulate>false</AutomaticallyPopulate><ResourceType>Worker</ResourceType><EmailAddress /><UserId /><ManagerialLevel>0</ManagerialLevel></LastModifiedBy><LastModified>2021-11-29T13:25:59.113</LastModified></ImportExportPackageSummaryOfFormIdentity><ImportExportPackageSummaryOfFormIdentity><Identity><Id>FD469D885F4F43E1A4A1F14E0B111AA0</Id><AutomaticallyPopulate>true</AutomaticallyPopulate><Name>InvoiceProcessing_Logon</Name><Version>6</Version></Identity><LastModifiedBy><Id>9B95EBF369AC41C1983BB8F97DD056D4</Id><AutomaticallyPopulate>false</AutomaticallyPopulate><ResourceType>Worker</ResourceType><EmailAddress /><UserId /><ManagerialLevel>0</ManagerialLevel></LastModifiedBy><LastModified>2018-05-09T17:24:35.64</LastModified></ImportExportPackageSummaryOfFormIdentity></Forms><FormExportOptions><ExportHeader>false</ExportHeader><ExportNavigation>false</ExportNavigation><ExportGlobalVariables>true</ExportGlobalVariables><ExportWebServices>false</ExportWebServices><ExportBusinessRules>false</ExportBusinessRules><ExportSecurityTokens>false</ExportSecurityTokens><ExportSecurityRoles>false</ExportSecurityRoles><ExportRoleMembers>false</ExportRoleMembers><IsSpaExport>false</IsSpaExport></FormExportOptions><Navigations><ImportExportPackageSummaryOfNavigationMenuIdentity><Identity><Id>57546F239FC640A09A951DA940D524C9</Id><Name>WorkspaceMenu</Name><LastModifiedDate>2020-01-06T14:19:33.427</LastModifiedDate></Identity><LastModifiedBy><Id /><AutomaticallyPopulate>false</AutomaticallyPopulate><ResourceType>Worker</ResourceType><EmailAddress /><UserId /><ManagerialLevel>0</ManagerialLevel></LastModifiedBy><LastModified>2020-01-06T14:19:33.427</LastModified></ImportExportPackageSummaryOfNavigationMenuIdentity></Navigations><DeviceSettings /><Sites><ImportExportPackageSummaryOfSiteIdentity><Identity><Id>F611CDBBF6CC4B31B78D11876C4572A6</Id><AutomaticallyPopulate>true</AutomaticallyPopulate><Name>ACC_InvoiceProcessing</Name></Identity><LastModifiedBy><Id>9B95EBF369AC41C1983BB8F97DD056D4</Id><AutomaticallyPopulate>true</AutomaticallyPopulate><ResourceType>Worker</ResourceType><EmailAddress /><UserId /><ManagerialLevel>0</ManagerialLevel></LastModifiedBy><LastModified>2021-11-15T17:18:39.673</LastModified></ImportExportPackageSummaryOfSiteIdentity></Sites><Themes><ImportExportPackageSummaryOfThemeIdentity><Identity><Id>0178FEA2525C4F3D8AC51E3C273D865D</Id><AutomaticallyPopulate>true</AutomaticallyPopulate><Name>TotalAgility Workspace</Name></Identity><LastModifiedBy><Id /><AutomaticallyPopulate>false</AutomaticallyPopulate><ResourceType>Worker</ResourceType><EmailAddress /><UserId /><ManagerialLevel>0</ManagerialLevel></LastModifiedBy><LastModified>2021-04-16T13:44:33.62</LastModified></ImportExportPackageSummaryOfThemeIdentity></Themes><Languages /><Lookups><ImportExportPackageSummaryOfLookupIdentity><Identity><Id>7348360D1ED040EAB1F70E92BCFE3EF3</Id><Name>Export Error Actions</Name></Identity><LastModifiedBy><Id>9B95EBF369AC41C1983BB8F97DD056D4</Id><AutomaticallyPopulate>true</AutomaticallyPopulate><ResourceType>Worker</ResourceType><EmailAddress /><UserId /><ManagerialLevel>0</ManagerialLevel></LastModifiedBy><LastModified>2014-11-20T20:54:37.013</LastModified></ImportExportPackageSummaryOfLookupIdentity><ImportExportPackageSummaryOfLookupIdentity><Identity><Id>8BC2365A2C754700A938A9ECEB5918C1</Id><Name>Duplicate Invoice</Name></Identity><LastModifiedBy><Id>9B95EBF369AC41C1983BB8F97DD056D4</Id><AutomaticallyPopulate>true</AutomaticallyPopulate><ResourceType>Worker</ResourceType><EmailAddress /><UserId /><ManagerialLevel>0</ManagerialLevel></LastModifiedBy><LastModified>2014-12-30T11:43:35.66</LastModified></ImportExportPackageSummaryOfLookupIdentity><ImportExportPackageSummaryOfLookupIdentity><Identity><Id>B612481753A245B782CB4D37B47D28C1</Id><Name>Document Rejection</Name></Identity><LastModifiedBy><Id>9B95EBF369AC41C1983BB8F97DD056D4</Id><AutomaticallyPopulate>true</AutomaticallyPopulate><ResourceType>Worker</ResourceType><EmailAddress /><UserId /><ManagerialLevel>0</ManagerialLevel></LastModifiedBy><LastModified>2014-11-20T20:54:37.01</LastModified></ImportExportPackageSummaryOfLookupIdentity></Lookups><Resources /><Entities /><WorkTypes><ImportExportPackageSummaryOfWorkQueueDefinitionIdentity><Identity><Id>157A99A8E8EE40F38D2B059422DB69D6</Id><AutomaticallyPopulate>true</AutomaticallyPopulate><Name>Tax Invoice Form Details</Name><LastModifiedOn>0001-01-01T00:00:00</LastModifiedOn></Identity><LastModifiedBy><Id /><AutomaticallyPopulate>true</AutomaticallyPopulate><ResourceType>Worker</ResourceType><EmailAddress /><UserId /><ManagerialLevel>0</ManagerialLevel></LastModifiedBy><LastModified>2018-03-08T12:14:06.337</LastModified></ImportExportPackageSummaryOfWorkQueueDefinitionIdentity></WorkTypes><Checklists /><Folders /><ExtractionGroups /><ClassificationGroups /><Formatters /><FieldValidators /><ChecklistItems /><Events /><Targets /><Alerts /><AlertExportOption><ExportAssociatedProcess>false</ExportAssociatedProcess></AlertExportOption><Categories /><ScanVrsProfiles /><SeparationProfiles /><PdfGenerationProfiles /><DocConversionProfiles /><JobSchedules /><CaptureControlLayouts /><RegularExpressions /><Personas /><ServerVariables /><ServerVariablesCollection><ImportExportPackageSummaryOfVariable><Identity><VariableType>System</VariableType><Value xsi:type="xsd:string" /><Identity><Id>SPP_SYSTEM_SESSION_ID</Id><Version>0</Version><DisplayName>SPP_SYSTEM_SESSION_ID</DisplayName></Identity><Dynamic>true</Dynamic><Category><Id>FBCB88103B4D414FAE8E38058F46CCF4</Id><AutomaticallyPopulate>true</AutomaticallyPopulate><Name /></Category><Grouping><Identity><Id>4FEE4E069417475DAC5D2C2E5C95CA49</Id></Identity><Variables /></Grouping><UseInSkin>false</UseInSkin><Found>false</Found><IsSecure>false</IsSecure><VariableScope>Process</VariableScope><IsDateExpression>false</IsDateExpression><VariableDisplayProperties><VariableIdentity><Version>0</Version></VariableIdentity><StringVariableDisplayProperties><VariableControlType>Singleline</VariableControlType><MaxNumberOfCharacters>0</MaxNumberOfCharacters><LookupIdentity /><StaticData /><Mandatory>false</Mandatory></StringVariableDisplayProperties><MinDate xsi:nil="true" /><MaxDate xsi:nil="true" /><DecimalPrecision>0</DecimalPrecision></VariableDisplayProperties></Identity><LastModifiedBy><Id /><AutomaticallyPopulate>true</AutomaticallyPopulate><ResourceType>Worker</ResourceType><EmailAddress /><UserId /><ManagerialLevel>0</ManagerialLevel></LastModifiedBy><LastModified>0001-01-01T00:00:00</LastModified></ImportExportPackageSummaryOfVariable><ImportExportPackageSummaryOfVariable><Identity><VariableType>String</VariableType><Value xsi:type="xsd:string">Dsn=FinTest2;Uid=report;Pwd=N0ogRlCyhgu9LL6c</Value><Identity><Id>DB_CONNECT_STR_TECHONE</Id><Version>0</Version><DisplayName>DB_CONNECT_STR_TECHONE</DisplayName></Identity><Dynamic>false</Dynamic><Category><Id>2278FC5DACAA4553B7C22F31F86B8194</Id><AutomaticallyPopulate>true</AutomaticallyPopulate><Name /></Category><Grouping><Identity><Id>4FEE4E069417475DAC5D2C2E5C95CA49</Id></Identity><Variables /></Grouping><UseInSkin>false</UseInSkin><Found>false</Found><IsSecure>false</IsSecure><VariableScope>Process</VariableScope><IsDateExpression>false</IsDateExpression><VariableDisplayProperties><VariableIdentity><Version>0</Version></VariableIdentity><StringVariableDisplayProperties><VariableControlType>Singleline</VariableControlType><MaxNumberOfCharacters>0</MaxNumberOfCharacters><LookupIdentity /><StaticData /><Mandatory>false</Mandatory></StringVariableDisplayProperties><MinDate xsi:nil="true" /><MaxDate xsi:nil="true" /><DecimalPrecision>0</DecimalPrecision></VariableDisplayProperties></Identity><LastModifiedBy><Id /><AutomaticallyPopulate>true</AutomaticallyPopulate><ResourceType>Worker</ResourceType><EmailAddress /><UserId /><ManagerialLevel>0</ManagerialLevel></LastModifiedBy><LastModified>0001-01-01T00:00:00</LastModified></ImportExportPackageSummaryOfVariable><ImportExportPackageSummaryOfVariable><Identity><VariableType>String</VariableType><Value xsi:type="xsd:string">Data Source=ACCAZKFXDDB01;Initial Catalog=AP-SP;Integrated Security=True</Value><Identity><Id>DB_CONNECT_STR_INVOICEPROCESSI</Id><Version>0</Version><DisplayName>DB_CONNECT_STR_INVOICEPROCESSING</DisplayName></Identity><Dynamic>false</Dynamic><Category><Id>2278FC5DACAA4553B7C22F31F86B8194</Id><AutomaticallyPopulate>true</AutomaticallyPopulate><Name /></Category><Grouping><Identity><Id>4FEE4E069417475DAC5D2C2E5C95CA49</Id></Identity><Variables /></Grouping><UseInSkin>false</UseInSkin><Found>false</Found><IsSecure>false</IsSecure><VariableScope>Process</VariableScope><IsDateExpression>false</IsDateExpression><VariableDisplayProperties><VariableIdentity><Version>0</Version></VariableIdentity><StringVariableDisplayProperties><VariableControlType>Singleline</VariableControlType><MaxNumberOfCharacters>0</MaxNumberOfCharacters><LookupIdentity /><StaticData /><Mandatory>false</Mandatory></StringVariableDisplayProperties><MinDate xsi:nil="true" /><MaxDate xsi:nil="true" /><DecimalPrecision>0</DecimalPrecision></VariableDisplayProperties></Identity><LastModifiedBy><Id /><AutomaticallyPopulate>true</AutomaticallyPopulate><ResourceType>Worker</ResourceType><EmailAddress /><UserId /><ManagerialLevel>0</ManagerialLevel></LastModifiedBy><LastModified>0001-01-01T00:00:00</LastModified></ImportExportPackageSummaryOfVariable></ServerVariablesCollection><ThreadPools><ImportExportPackageSummaryOfThreadPoolIdentity><Identity><Id>0</Id><Name>Default Thread Pool</Name></Identity><LastModifiedBy><Id /><AutomaticallyPopulate>true</AutomaticallyPopulate><ResourceType>Worker</ResourceType><EmailAddress /><UserId /><ManagerialLevel>0</ManagerialLevel></LastModifiedBy><LastModified>0001-01-01T00:00:00</LastModified></ImportExportPackageSummaryOfThreadPoolIdentity></ThreadPools><Tags /><GlobalVariables /><GlobalVariablesCollection><ImportExportPackageSummaryOfSessionVariable><Identity><Identity><Name>SESSION_ID</Name><Id>161F8F818093437482D2886B7B6756BB</Id><AutomaticallyPopulate>true</AutomaticallyPopulate></Identity><Description>The current Session Identifer.</Description><Value /><IsLocalizable>false</IsLocalizable><Category><Id>201F370CA5164F76ADDD8EEEFF666AF7</Id><AutomaticallyPopulate>true</AutomaticallyPopulate><Name>Default Category</Name></Category><LastModifiedDateTime>2021-04-15T16:33:38.24</LastModifiedDateTime><IsSecure>false</IsSecure></Identity><LastModifiedBy><Id /><AutomaticallyPopulate>true</AutomaticallyPopulate><ResourceType>Worker</ResourceType><EmailAddress /><UserId /><ManagerialLevel>0</ManagerialLevel></LastModifiedBy><LastModified>2021-04-15T16:33:38.24</LastModified></ImportExportPackageSummaryOfSessionVariable><ImportExportPackageSummaryOfSessionVariable><Identity><Identity><Name>WORKQUEUE_FORM</Name><Id>1E70BD400456422DBFA431767DC6CB0F</Id><AutomaticallyPopulate>true</AutomaticallyPopulate></Identity><Description>The Workqueue Form.</Description><Value /><IsLocalizable>false</IsLocalizable><Category><Id>201F370CA5164F76ADDD8EEEFF666AF7</Id><AutomaticallyPopulate>true</AutomaticallyPopulate><Name>Default Category</Name></Category><LastModifiedDateTime>2021-04-15T16:33:38.29</LastModifiedDateTime><IsSecure>false</IsSecure></Identity><LastModifiedBy><Id /><AutomaticallyPopulate>true</AutomaticallyPopulate><ResourceType>Worker</ResourceType><EmailAddress /><UserId /><ManagerialLevel>0</ManagerialLevel></LastModifiedBy><LastModified>2021-04-15T16:33:38.29</LastModified></ImportExportPackageSummaryOfSessionVariable><ImportExportPackageSummaryOfSessionVariable><Identity><Identity><Name>EPC</Name><Id>5E0F01E4914A48D08009FFC40C130EFF</Id><AutomaticallyPopulate>true</AutomaticallyPopulate></Identity><Description>The EPC.</Description><Value /><IsLocalizable>false</IsLocalizable><Category><Id>201F370CA5164F76ADDD8EEEFF666AF7</Id><AutomaticallyPopulate>true</AutomaticallyPopulate><Name>Default Category</Name></Category><LastModifiedDateTime>2021-04-15T16:33:38.273</LastModifiedDateTime><IsSecure>false</IsSecure></Identity><LastModifiedBy><Id /><AutomaticallyPopulate>true</AutomaticallyPopulate><ResourceType>Worker</ResourceType><EmailAddress /><UserId /><ManagerialLevel>0</ManagerialLevel></LastModifiedBy><LastModified>2021-04-15T16:33:38.273</LastModified></ImportExportPackageSummaryOfSessionVariable><ImportExportPackageSummaryOfSessionVariable><Identity><Identity><Name>JOB_ID</Name><Id>8A1DD88A21124A98A51B5679DE7FDCB4</Id><AutomaticallyPopulate>true</AutomaticallyPopulate></Identity><Description>The Job ID.</Description><Value /><IsLocalizable>false</IsLocalizable><Category><Id>201F370CA5164F76ADDD8EEEFF666AF7</Id><AutomaticallyPopulate>true</AutomaticallyPopulate><Name>Default Category</Name></Category><LastModifiedDateTime>2021-04-15T16:33:38.273</LastModifiedDateTime><IsSecure>false</IsSecure></Identity><LastModifiedBy><Id /><AutomaticallyPopulate>true</AutomaticallyPopulate><ResourceType>Worker</ResourceType><EmailAddress /><UserId /><ManagerialLevel>0</ManagerialLevel></LastModifiedBy><LastModified>2021-04-15T16:33:38.273</LastModified></ImportExportPackageSummaryOfSessionVariable><ImportExportPackageSummaryOfSessionVariable><Identity><Identity><Name>NODE_ID</Name><Id>AFBE96EA665E4F16A2FDA88044A23D0A</Id><AutomaticallyPopulate>true</AutomaticallyPopulate></Identity><Description>The Node ID.</Description><Value /><IsLocalizable>false</IsLocalizable><Category><Id>201F370CA5164F76ADDD8EEEFF666AF7</Id><AutomaticallyPopulate>true</AutomaticallyPopulate><Name>Default Category</Name></Category><LastModifiedDateTime>2021-04-15T16:33:38.273</LastModifiedDateTime><IsSecure>false</IsSecure></Identity><LastModifiedBy><Id /><AutomaticallyPopulate>true</AutomaticallyPopulate><ResourceType>Worker</ResourceType><EmailAddress /><UserId /><ManagerialLevel>0</ManagerialLevel></LastModifiedBy><LastModified>2021-04-15T16:33:38.273</LastModified></ImportExportPackageSummaryOfSessionVariable><ImportExportPackageSummaryOfSessionVariable><Identity><Identity><Name>RESOURCE_ID</Name><Id>3FE35DDD709A422588F9C8FE908C6393</Id><AutomaticallyPopulate>true</AutomaticallyPopulate></Identity><Description>The current Resource Identifer.</Description><Value /><IsLocalizable>false</IsLocalizable><Category><Id>201F370CA5164F76ADDD8EEEFF666AF7</Id><AutomaticallyPopulate>true</AutomaticallyPopulate><Name>Default Category</Name></Category><LastModifiedDateTime>2021-04-15T16:33:38.257</LastModifiedDateTime><IsSecure>false</IsSecure></Identity><LastModifiedBy><Id /><AutomaticallyPopulate>true</AutomaticallyPopulate><ResourceType>Worker</ResourceType><EmailAddress /><UserId /><ManagerialLevel>0</ManagerialLevel></LastModifiedBy><LastModified>2021-04-15T16:33:38.257</LastModified></ImportExportPackageSummaryOfSessionVariable><ImportExportPackageSummaryOfSessionVariable><Identity><Identity><Name>DB_CONNECT_STR_TECHONE</Name><Id>8A4E41279AC84918BCB0C2B6CD8DD3A8</Id><AutomaticallyPopulate>true</AutomaticallyPopulate></Identity><Description /><Value>Dsn=FinTest2;Uid=report;Pwd=N0ogRlCyhgu9LL6c;</Value><IsLocalizable>false</IsLocalizable><Category><Id>2278FC5DACAA4553B7C22F31F86B8194</Id><AutomaticallyPopulate>true</AutomaticallyPopulate><Name>Invoice Processing</Name></Category><LastModifiedDateTime>2021-11-26T16:14:59.383</LastModifiedDateTime><IsSecure>false</IsSecure></Identity><LastModifiedBy><Id /><AutomaticallyPopulate>true</AutomaticallyPopulate><ResourceType>Worker</ResourceType><EmailAddress /><UserId /><ManagerialLevel>0</ManagerialLevel></LastModifiedBy><LastModified>2021-11-26T16:14:59.383</LastModified></ImportExportPackageSummaryOfSessionVariable><ImportExportPackageSummaryOfSessionVariable><Identity><Identity><Name>DB_CONNECT_STR_INVOICEPROCESSING</Name><Id>5E42FF18E4C04B2FA92EA8BAEDE484F5</Id><AutomaticallyPopulate>true</AutomaticallyPopulate></Identity><Description /><Value>Data Source=ACCAZKFXDDB01;Initial Catalog=AP-SP;Integrated Security=True</Value><IsLocalizable>false</IsLocalizable><Category><Id>2278FC5DACAA4553B7C22F31F86B8194</Id><AutomaticallyPopulate>true</AutomaticallyPopulate><Name>Invoice Processing</Name></Category><LastModifiedDateTime>2021-11-29T16:51:02.923</LastModifiedDateTime><IsSecure>false</IsSecure></Identity><LastModifiedBy><Id /><AutomaticallyPopulate>true</AutomaticallyPopulate><ResourceType>Worker</ResourceType><EmailAddress /><UserId /><ManagerialLevel>0</ManagerialLevel></LastModifiedBy><LastModified>2021-11-29T16:51:02.923</LastModified></ImportExportPackageSummaryOfSessionVariable><ImportExportPackageSummaryOfSessionVariable><Identity><Identity><Name>EmailTemplate4</Name><Id>103B8BDF9C1445CE805C53815607A448</Id><AutomaticallyPopulate>true</AutomaticallyPopulate></Identity><Description /><Value>This &lt;br&gt; is &lt;br&gt; template4</Value><IsLocalizable>false</IsLocalizable><Category><Id>2278FC5DACAA4553B7C22F31F86B8194</Id><AutomaticallyPopulate>true</AutomaticallyPopulate><Name>Invoice Processing</Name></Category><LastModifiedDateTime>2017-05-22T10:42:04.05</LastModifiedDateTime><IsSecure>false</IsSecure></Identity><LastModifiedBy><Id /><AutomaticallyPopulate>true</AutomaticallyPopulate><ResourceType>Worker</ResourceType><EmailAddress /><UserId /><ManagerialLevel>0</ManagerialLevel></LastModifiedBy><LastModified>2017-05-22T10:42:04.05</LastModified></ImportExportPackageSummaryOfSessionVariable><ImportExportPackageSummaryOfSessionVariable><Identity><Identity><Name>EmailTemplate2</Name><Id>4907F42C9F864C849539D9E3E69A9028</Id><AutomaticallyPopulate>true</AutomaticallyPopulate></Identity><Description /><Value>This &lt;br&gt; is &lt;br&gt; template2</Value><IsLocalizable>false</IsLocalizable><Category><Id>2278FC5DACAA4553B7C22F31F86B8194</Id><AutomaticallyPopulate>true</AutomaticallyPopulate><Name>Invoice Processing</Name></Category><LastModifiedDateTime>2017-05-22T10:42:04.037</LastModifiedDateTime><IsSecure>false</IsSecure></Identity><LastModifiedBy><Id /><AutomaticallyPopulate>true</AutomaticallyPopulate><ResourceType>Worker</ResourceType><EmailAddress /><UserId /><ManagerialLevel>0</ManagerialLevel></LastModifiedBy><LastModified>2017-05-22T10:42:04.037</LastModified></ImportExportPackageSummaryOfSessionVariable><ImportExportPackageSummaryOfSessionVariable><Identity><Identity><Name>EmailTemplate1</Name><Id>5BB1BF5562304D7FAD4C42FACFD3D0C0</Id><AutomaticallyPopulate>true</AutomaticallyPopulate></Identity><Description /><Value>This &lt;br&gt; is email &lt;br&gt; template  &lt;br&gt; 1</Value><IsLocalizable>false</IsLocalizable><Category><Id>2278FC5DACAA4553B7C22F31F86B8194</Id><AutomaticallyPopulate>true</AutomaticallyPopulate><Name>Invoice Processing</Name></Category><LastModifiedDateTime>2017-05-22T10:42:04.037</LastModifiedDateTime><IsSecure>false</IsSecure></Identity><LastModifiedBy><Id /><AutomaticallyPopulate>true</AutomaticallyPopulate><ResourceType>Worker</ResourceType><EmailAddress /><UserId /><ManagerialLevel>0</ManagerialLevel></LastModifiedBy><LastModified>2017-05-22T10:42:04.037</LastModified></ImportExportPackageSummaryOfSessionVariable><ImportExportPackageSummaryOfSessionVariable><Identity><Identity><Name>ValidationEmailSender</Name><Id>C2CBAE6690C94794AD1E311A0BA6471F</Id><AutomaticallyPopulate>true</AutomaticallyPopulate></Identity><Description /><Value>AccountsPayable@cityofadelaide.com.au</Value><IsLocalizable>false</IsLocalizable><Category><Id>2278FC5DACAA4553B7C22F31F86B8194</Id><AutomaticallyPopulate>true</AutomaticallyPopulate><Name>Invoice Processing</Name></Category><LastModifiedDateTime>2017-06-27T10:20:38.38</LastModifiedDateTime><IsSecure>false</IsSecure></Identity><LastModifiedBy><Id /><AutomaticallyPopulate>true</AutomaticallyPopulate><ResourceType>Worker</ResourceType><EmailAddress /><UserId /><ManagerialLevel>0</ManagerialLevel></LastModifiedBy><LastModified>2017-06-27T10:20:38.38</LastModified></ImportExportPackageSummaryOfSessionVariable><ImportExportPackageSummaryOfSessionVariable><Identity><Identity><Name>EmailTemplate3</Name><Id>E039657D81124AADA5F7C7699D38C33F</Id><AutomaticallyPopulate>true</AutomaticallyPopulate></Identity><Description /><Value>This &lt;br&gt; is &lt;br&gt; template3</Value><IsLocalizable>false</IsLocalizable><Category><Id>2278FC5DACAA4553B7C22F31F86B8194</Id><AutomaticallyPopulate>true</AutomaticallyPopulate><Name>Invoice Processing</Name></Category><LastModifiedDateTime>2017-05-22T10:42:04.05</LastModifiedDateTime><IsSecure>false</IsSecure></Identity><LastModifiedBy><Id /><AutomaticallyPopulate>true</AutomaticallyPopulate><ResourceType>Worker</ResourceType><EmailAddress /><UserId /><ManagerialLevel>0</ManagerialLevel></LastModifiedBy><LastModified>2017-05-22T10:42:04.05</LastModified></ImportExportPackageSummaryOfSessionVariable><ImportExportPackageSummaryOfSessionVariable><Identity><Identity><Name>EmailTemplate5</Name><Id>E7BD1032839B445EA550B6B27D67F7C7</Id><AutomaticallyPopulate>true</AutomaticallyPopulate></Identity><Description /><Value>This &lt;br&gt; is &lt;br&gt; template5</Value><IsLocalizable>false</IsLocalizable><Category><Id>2278FC5DACAA4553B7C22F31F86B8194</Id><AutomaticallyPopulate>true</AutomaticallyPopulate><Name>Invoice Processing</Name></Category><LastModifiedDateTime>2017-05-22T10:42:04.05</LastModifiedDateTime><IsSecure>false</IsSecure></Identity><LastModifiedBy><Id /><AutomaticallyPopulate>true</AutomaticallyPopulate><ResourceType>Worker</ResourceType><EmailAddress /><UserId /><ManagerialLevel>0</ManagerialLevel></LastModifiedBy><LastModified>2017-05-22T10:42:04.05</LastModified></ImportExportPackageSummaryOfSessionVariable></GlobalVariablesCollection><ServerXmlExpressionVariables /><DotNetReferences /><MiscellaneousFiles /><Queries /><FormTemplates /><Localisations /><Packages /><ExportConnectorDeploymentProperties /><ShowProcessAssociations>false</ShowProcessAssociations><ShowFormAssociations>true</ShowFormAssociations><SystemExportOptions><IncludeNoteTypes>false</IncludeNoteTypes><IncludeHotKeys>false</IncludeHotKeys><IncludePageRenditions>false</IncludePageRenditions><IncludeNodeColors>false</IncludeNodeColors><IncludeReportingTags>false</IncludeReportingTags></SystemExportOptions><ShowCategoryAssociations>true</ShowCategoryAssociations><Version><Major>7</Major><Minor>3</Minor><Build>1</Build><Revision>0</Revision></Version><DocumentTypeVariants /><ProtectAllItems>false</ProtectAllItems><ProtectedItems /><IncludeRoleMembers>false</IncludeRoleMembers><IncludeDevices>false</IncludeDevices><IncludeDeviceProfiles>false</IncludeDeviceProfiles><IncludeDeviceSettings>false</IncludeDeviceSettings><ExportConnectorMappings>false</ExportConnectorMappings><WebServices /><ImportConnections /><ImportSources /><OAuthServers /><CaptureSolution><Id /><Name /><Version>0</Version><Description /><DocumentLanguage /><CategoryIdentity><Id /><AutomaticallyPopulate>true</AutomaticallyPopulate><Name /></CategoryIdentity><LastModified>2021-12-17T13:26:28.6671516+10:30</LastModified><LockedBy><Id /><AutomaticallyPopulate>true</AutomaticallyPopulate><Name /><ResourceType>Worker</ResourceType><EmailAddress /><UserId /><ManagerialLevel>0</ManagerialLevel></LockedBy><ProcessIdentity><Id /><AutomaticallyPopulate>true</AutomaticallyPopulate><Version>0</Version><Name /></ProcessIdentity><ClassificationGroupIdentity><Id /><AutomaticallyPopulate>true</AutomaticallyPopulate><Version>0</Version><Name /></ClassificationGroupIdentity><GenerateMFPForms>false</GenerateMFPForms><ScanCNJFormLink /><ExpectedSolutionDuration>0</ExpectedSolutionDuration><UploadedDocsFolderId /><DownloadImagesAndData>false</DownloadImagesAndData><DeleteDocumentsWhenJobComplete>false</DeleteDocumentsWhenJobComplete><TrainingRequired>false</TrainingRequired><DownloadZipResources /><SeparationProfileIdentity /></CaptureSolution><DataModels /><QuickApp><Id /><Name /><Version>0</Version></QuickApp></SpaPackageImportExportData>