<?xml version="1.0" encoding="utf-16"?>
<ArrayOfWorkQueueDefinition xmlns:xsd="http://www.w3.org/2001/XMLSchema" xmlns:xsi="http://www.w3.org/2001/XMLSchema-instance">
  <WorkQueueDefinition>
    <Identity>
      <Id>157A99A8E8EE40F38D2B059422DB69D6</Id>
      <AutomaticallyPopulate>true</AutomaticallyPopulate>
      <Name>Tax Invoice Form Details</Name>
      <LastModifiedOn>0001-01-01T00:00:00</LastModifiedOn>
    </Identity>
    <Id>157A99A8E8EE40F38D2B059422DB69D6</Id>
    <Name>Tax Invoice Form Details</Name>
    <CategoryIdentity>
      <Id>2278FC5DACAA4553B7C22F31F86B8194</Id>
      <AutomaticallyPopulate>true</AutomaticallyPopulate>
      <Name>Invoice Processing</Name>
      <Description>Invoice Processing</Description>
    </CategoryIdentity>
    <Fields>
      <WorkQueueDefinitionField>
        <Name>VENDORNAME</Name>
        <Position>1</Position>
        <DisplayName>Vendor Name</DisplayName>
        <FieldType>String</FieldType>
        <DefaultValue xsi:type="xsd:string" />
        <Scope>1</Scope>
      </WorkQueueDefinitionField>
      <WorkQueueDefinitionField>
        <Name>INVOICENUMBER</Name>
        <Position>2</Position>
        <DisplayName>Invoice Number</DisplayName>
        <FieldType>String</FieldType>
        <DefaultValue xsi:type="xsd:string" />
        <Scope>1</Scope>
      </WorkQueueDefinitionField>
      <WorkQueueDefinitionField>
        <Name>INVOICEDATE</Name>
        <Position>3</Position>
        <DisplayName>Invoice Date</DisplayName>
        <FieldType>String</FieldType>
        <DefaultValue xsi:type="xsd:string" />
        <Scope>1</Scope>
      </WorkQueueDefinitionField>
      <WorkQueueDefinitionField>
        <Name>INVOICETOTAL</Name>
        <Position>4</Position>
        <DisplayName>Invoice Total</DisplayName>
        <FieldType>Currency</FieldType>
        <DefaultValue xsi:type="xsd:string">0</DefaultValue>
        <Scope>1</Scope>
      </WorkQueueDefinitionField>
      <WorkQueueDefinitionField>
        <Name>PONUMBER</Name>
        <Position>5</Position>
        <DisplayName>PO Number</DisplayName>
        <FieldType>String</FieldType>
        <DefaultValue xsi:type="xsd:string" />
        <Scope>1</Scope>
      </WorkQueueDefinitionField>
      <WorkQueueDefinitionField>
        <Name>DOCUMENTTYPE</Name>
        <Position>6</Position>
        <DisplayName>Document Type</DisplayName>
        <FieldType>String</FieldType>
        <DefaultValue xsi:type="xsd:string" />
        <Scope>1</Scope>
      </WorkQueueDefinitionField>
      <WorkQueueDefinitionField>
        <Name>INVOICETYPE</Name>
        <Position>7</Position>
        <DisplayName>Invoice Type</DisplayName>
        <FieldType>String</FieldType>
        <DefaultValue xsi:type="xsd:string" />
        <Scope>1</Scope>
      </WorkQueueDefinitionField>
      <WorkQueueDefinitionField>
        <Name>PAYMENTDUEDATE</Name>
        <Position>8</Position>
        <DisplayName>Payment Due Date</DisplayName>
        <FieldType>String</FieldType>
        <DefaultValue xsi:type="xsd:string" />
        <Scope>1</Scope>
      </WorkQueueDefinitionField>
      <WorkQueueDefinitionField>
        <Name>VENDORID</Name>
        <Position>9</Position>
        <DisplayName>Vendor ID</DisplayName>
        <FieldType>String</FieldType>
        <DefaultValue xsi:type="xsd:string" />
        <Scope>1</Scope>
      </WorkQueueDefinitionField>
    </Fields>
    <Metadata />
    <LastModifiedOn>2018-03-08T12:14:06.337</LastModifiedOn>
  </WorkQueueDefinition>
</ArrayOfWorkQueueDefinition>