<?xml version="1.0" encoding="utf-16"?>
<ArrayOfNavigationMenu xmlns:xsd="http://www.w3.org/2001/XMLSchema" xmlns:xsi="http://www.w3.org/2001/XMLSchema-instance">
  <NavigationMenu>
    <Identity>
      <Id>57546F239FC640A09A951DA940D524C9</Id>
      <Name>WorkspaceMenu</Name>
      <LastModifiedDate>2020-01-06T14:19:33.427</LastModifiedDate>
    </Identity>
    <Category>
      <Id>201F370CA5164F76ADDD8EEEFF666AF7</Id>
      <AutomaticallyPopulate>true</AutomaticallyPopulate>
      <Name />
    </Category>
    <Name>WorkspaceMenu</Name>
    <Control>
      <Id>7</Id>
    </Control>
    <LastModifiedUser>
      <Id />
      <AutomaticallyPopulate>false</AutomaticallyPopulate>
      <ResourceType>Worker</ResourceType>
      <EmailAddress />
      <UserId />
      <ManagerialLevel>0</ManagerialLevel>
    </LastModifiedUser>
    <LastModifiedDate>2020-01-06T14:19:33.427</LastModifiedDate>
    <InternalModifiedDate>2021-04-15T16:39:01.913</InternalModifiedDate>
    <NavigationData>
      <properties>
        <controlid>0</controlid>
        <controlidspecified>false</controlidspecified>
        <itemwidth>145</itemwidth>
        <itemheight>40</itemheight>
        <stylesource>0</stylesource>
      </properties>
      <treenode>
        <id>F854D6AE8BEA4355BD8B1508C668403D</id>
        <name>WorkspaceMenu</name>
        <target>SameWindow</target>
        <ismodal>false</ismodal>
        <sectionbreak>false</sectionbreak>
        <solutionform />
        <width>10</width>
        <height>10</height>
        <accesslist>
          <defaultallowall>false</defaultallowall>
        </accesslist>
        <nodes>
          <id>FEDEC94420304F6A85BC6E925D984339</id>
          <name>To Do</name>
          <target>SameWindow</target>
          <ismodal>false</ismodal>
          <sectionbreak>false</sectionbreak>
          <solutionform />
          <width>10</width>
          <height>10</height>
          <accesslist>
            <defaultallowall>false</defaultallowall>
          </accesslist>
          <nodes>
            <id>96AB75BDE51040B4A38026768F6AC6F3</id>
            <name>Work Queue</name>
            <target>SameWindow</target>
            <ismodal>false</ismodal>
            <sectionbreak>false</sectionbreak>
            <solutionform />
            <externalform>GeneralWorkqueue.form</externalform>
            <width>10</width>
            <height>10</height>
            <accesslist>
              <defaultallowall>false</defaultallowall>
            </accesslist>
            <parent>
              <Id>FEDEC94420304F6A85BC6E925D984339</Id>
              <Name>To Do</Name>
              <LastModifiedDate>2017-02-22T22:04:02.562+10:30</LastModifiedDate>
            </parent>
            <loadtype>EntireForm</loadtype>
            <refreshcontent>false</refreshcontent>
            <InsightIdentity>
              <ItemType>View</ItemType>
            </InsightIdentity>
            <LoadImageFromStore>false</LoadImageFromStore>
          </nodes>
          <nodes>
            <id>D01E0506750144C280DFBD494A3EBAEF</id>
            <name>Reassign</name>
            <target>SameWindow</target>
            <ismodal>false</ismodal>
            <sectionbreak>false</sectionbreak>
            <solutionform />
            <externalform>Reassign.form</externalform>
            <width>10</width>
            <height>10</height>
            <accesslist>
              <defaultallowall>false</defaultallowall>
            </accesslist>
            <parent>
              <Id>FEDEC94420304F6A85BC6E925D984339</Id>
              <Name>To Do</Name>
              <LastModifiedDate>2017-02-22T22:04:02.563+10:30</LastModifiedDate>
            </parent>
            <loadtype>EntireForm</loadtype>
            <refreshcontent>false</refreshcontent>
            <InsightIdentity>
              <ItemType>View</ItemType>
            </InsightIdentity>
            <LoadImageFromStore>false</LoadImageFromStore>
          </nodes>
          <nodes>
            <id>7AB646E3EB334B7D97A032A9E5E7D784</id>
            <name>Manual Work Allocation</name>
            <target>SameWindow</target>
            <ismodal>false</ismodal>
            <sectionbreak>false</sectionbreak>
            <solutionform />
            <externalform>ManualWorkAllocation.form</externalform>
            <width>10</width>
            <height>10</height>
            <accesslist>
              <defaultallowall>false</defaultallowall>
            </accesslist>
            <parent>
              <Id>FEDEC94420304F6A85BC6E925D984339</Id>
              <Name>To Do</Name>
              <LastModifiedDate>2017-02-22T22:04:02.563+10:30</LastModifiedDate>
            </parent>
            <loadtype>EntireForm</loadtype>
            <refreshcontent>false</refreshcontent>
            <InsightIdentity>
              <ItemType>View</ItemType>
            </InsightIdentity>
            <LoadImageFromStore>false</LoadImageFromStore>
          </nodes>
          <parent>
            <Id>F854D6AE8BEA4355BD8B1508C668403D</Id>
            <Name>WorkspaceMenu</Name>
            <LastModifiedDate>2017-02-22T22:04:02.563+10:30</LastModifiedDate>
          </parent>
          <loadtype>EntireForm</loadtype>
          <refreshcontent>false</refreshcontent>
          <InsightIdentity>
            <ItemType>View</ItemType>
          </InsightIdentity>
          <LoadImageFromStore>false</LoadImageFromStore>
        </nodes>
        <nodes>
          <id>3862384CA2AC42C5A8F2D06F7E32C05A</id>
          <name>Jobs</name>
          <target>SameWindow</target>
          <ismodal>false</ismodal>
          <sectionbreak>false</sectionbreak>
          <solutionform />
          <width>10</width>
          <height>10</height>
          <accesslist>
            <defaultallowall>false</defaultallowall>
          </accesslist>
          <nodes>
            <id>CC55C03D4B59428192C27302D71C9159</id>
            <name>Create</name>
            <target>SameWindow</target>
            <ismodal>false</ismodal>
            <sectionbreak>false</sectionbreak>
            <solutionform />
            <externalform>CreateNewJob.form</externalform>
            <width>10</width>
            <height>10</height>
            <accesslist>
              <defaultallowall>false</defaultallowall>
            </accesslist>
            <parent>
              <Id>3862384CA2AC42C5A8F2D06F7E32C05A</Id>
              <Name>Jobs</Name>
              <LastModifiedDate>2017-02-22T22:04:02.563+10:30</LastModifiedDate>
            </parent>
            <loadtype>EntireForm</loadtype>
            <refreshcontent>false</refreshcontent>
            <InsightIdentity>
              <ItemType>View</ItemType>
            </InsightIdentity>
            <LoadImageFromStore>false</LoadImageFromStore>
          </nodes>
          <nodes>
            <id>1ADE9F96D8B742C1A3D9F7FDD7F04B94</id>
            <name>Find</name>
            <target>SameWindow</target>
            <ismodal>false</ismodal>
            <sectionbreak>false</sectionbreak>
            <solutionform />
            <externalform>findjobs.form </externalform>
            <width>10</width>
            <height>10</height>
            <accesslist>
              <defaultallowall>false</defaultallowall>
            </accesslist>
            <parent>
              <Id>3862384CA2AC42C5A8F2D06F7E32C05A</Id>
              <Name>Jobs</Name>
              <LastModifiedDate>2017-02-22T22:04:02.563+10:30</LastModifiedDate>
            </parent>
            <loadtype>EntireForm</loadtype>
            <refreshcontent>false</refreshcontent>
            <InsightIdentity>
              <ItemType>View</ItemType>
            </InsightIdentity>
            <LoadImageFromStore>false</LoadImageFromStore>
          </nodes>
          <parent>
            <Id>F854D6AE8BEA4355BD8B1508C668403D</Id>
            <Name>WorkspaceMenu</Name>
            <LastModifiedDate>2017-02-22T22:04:02.563+10:30</LastModifiedDate>
          </parent>
          <loadtype>EntireForm</loadtype>
          <refreshcontent>false</refreshcontent>
          <InsightIdentity>
            <ItemType>View</ItemType>
          </InsightIdentity>
          <LoadImageFromStore>false</LoadImageFromStore>
        </nodes>
        <nodes>
          <id>9BBC35ED5D314A5FA4EAD85CA35D7C28</id>
          <name>Resources</name>
          <target>SameWindow</target>
          <ismodal>false</ismodal>
          <sectionbreak>false</sectionbreak>
          <solutionform />
          <width>10</width>
          <height>10</height>
          <accesslist>
            <defaultallowall>false</defaultallowall>
          </accesslist>
          <nodes>
            <id>E2B2FA71E2684ED0ADB2F09B42D17887</id>
            <name>Delegation</name>
            <target>SameWindow</target>
            <ismodal>false</ismodal>
            <sectionbreak>false</sectionbreak>
            <solutionform />
            <externalform>delegation.form</externalform>
            <width>10</width>
            <height>10</height>
            <accesslist>
              <defaultallowall>false</defaultallowall>
            </accesslist>
            <parent>
              <Id>9BBC35ED5D314A5FA4EAD85CA35D7C28</Id>
              <Name>Resources</Name>
              <LastModifiedDate>2017-02-22T22:04:02.563+10:30</LastModifiedDate>
            </parent>
            <loadtype>EntireForm</loadtype>
            <refreshcontent>false</refreshcontent>
            <InsightIdentity>
              <ItemType>View</ItemType>
            </InsightIdentity>
            <LoadImageFromStore>false</LoadImageFromStore>
          </nodes>
          <nodes>
            <id>84E238D120BD4B57B7DA18DD6CFAF869</id>
            <name>Skills</name>
            <target>SameWindow</target>
            <ismodal>false</ismodal>
            <sectionbreak>false</sectionbreak>
            <solutionform />
            <width>10</width>
            <height>10</height>
            <accesslist>
              <defaultallowall>false</defaultallowall>
            </accesslist>
            <nodes>
              <id>422D9F8BCC754888969668A2DF795DD3</id>
              <name>Skill Level</name>
              <target>SameWindow</target>
              <ismodal>false</ismodal>
              <sectionbreak>false</sectionbreak>
              <solutionform />
              <externalform>skilllevel.form</externalform>
              <width>10</width>
              <height>10</height>
              <accesslist>
                <defaultallowall>false</defaultallowall>
              </accesslist>
              <parent>
                <Id>84E238D120BD4B57B7DA18DD6CFAF869</Id>
                <Name>Skills</Name>
                <LastModifiedDate>2017-02-22T22:04:02.563+10:30</LastModifiedDate>
              </parent>
              <loadtype>EntireForm</loadtype>
              <refreshcontent>false</refreshcontent>
              <InsightIdentity>
                <ItemType>View</ItemType>
              </InsightIdentity>
              <LoadImageFromStore>false</LoadImageFromStore>
            </nodes>
            <nodes>
              <id>00374AB254264249BCF1E53CAF706F80</id>
              <name>Resource Process Skill Level</name>
              <target>SameWindow</target>
              <ismodal>false</ismodal>
              <sectionbreak>false</sectionbreak>
              <solutionform />
              <externalform>ResourceProcessSkillLevel.form</externalform>
              <width>10</width>
              <height>10</height>
              <accesslist>
                <defaultallowall>false</defaultallowall>
              </accesslist>
              <parent>
                <Id>84E238D120BD4B57B7DA18DD6CFAF869</Id>
                <Name>Skills</Name>
                <LastModifiedDate>2017-02-22T22:04:02.563+10:30</LastModifiedDate>
              </parent>
              <loadtype>EntireForm</loadtype>
              <refreshcontent>false</refreshcontent>
              <InsightIdentity>
                <ItemType>View</ItemType>
              </InsightIdentity>
              <LoadImageFromStore>false</LoadImageFromStore>
            </nodes>
            <nodes>
              <id>2DC8E4B853274515BA589894ED317A1A</id>
              <name>Skill Level Process Ratio</name>
              <target>SameWindow</target>
              <ismodal>false</ismodal>
              <sectionbreak>false</sectionbreak>
              <solutionform />
              <externalform>SkillLevelProcessRatio.form</externalform>
              <width>10</width>
              <height>10</height>
              <accesslist>
                <defaultallowall>false</defaultallowall>
              </accesslist>
              <parent>
                <Id>84E238D120BD4B57B7DA18DD6CFAF869</Id>
                <Name>Skills</Name>
                <LastModifiedDate>2017-02-22T22:04:02.563+10:30</LastModifiedDate>
              </parent>
              <loadtype>EntireForm</loadtype>
              <refreshcontent>false</refreshcontent>
              <InsightIdentity>
                <ItemType>View</ItemType>
              </InsightIdentity>
              <LoadImageFromStore>false</LoadImageFromStore>
            </nodes>
            <parent>
              <Id>9BBC35ED5D314A5FA4EAD85CA35D7C28</Id>
              <Name>Resources</Name>
              <LastModifiedDate>2017-02-22T22:04:02.563+10:30</LastModifiedDate>
            </parent>
            <loadtype>EntireForm</loadtype>
            <refreshcontent>false</refreshcontent>
            <InsightIdentity>
              <ItemType>View</ItemType>
            </InsightIdentity>
            <LoadImageFromStore>false</LoadImageFromStore>
          </nodes>
          <nodes>
            <id>A608620E3E34419790F21C6A1B19FD0D</id>
            <name>Resource Availability</name>
            <target>SameWindow</target>
            <ismodal>false</ismodal>
            <sectionbreak>false</sectionbreak>
            <solutionform />
            <externalform>ResourceAvailability.form</externalform>
            <width>10</width>
            <height>10</height>
            <accesslist>
              <defaultallowall>false</defaultallowall>
            </accesslist>
            <parent>
              <Id>9BBC35ED5D314A5FA4EAD85CA35D7C28</Id>
              <Name>Resources</Name>
              <LastModifiedDate>2017-02-22T22:04:02.563+10:30</LastModifiedDate>
            </parent>
            <loadtype>EntireForm</loadtype>
            <refreshcontent>false</refreshcontent>
            <InsightIdentity>
              <ItemType>View</ItemType>
            </InsightIdentity>
            <LoadImageFromStore>false</LoadImageFromStore>
          </nodes>
          <nodes>
            <id>DEB5B00974FC468EA15A4A55FC0DAAFE</id>
            <name>Time Categories</name>
            <target>SameWindow</target>
            <ismodal>false</ismodal>
            <sectionbreak>false</sectionbreak>
            <solutionform>TimeCategories</solutionform>
            <formid>CF5906D40659492B8E3FA24DD3B3070E</formid>
            <width>10</width>
            <height>10</height>
            <accesslist>
              <defaultallowall>false</defaultallowall>
            </accesslist>
            <parent>
              <Id>9BBC35ED5D314A5FA4EAD85CA35D7C28</Id>
              <Name>Resources</Name>
              <LastModifiedDate>2017-02-22T22:04:02.563+10:30</LastModifiedDate>
            </parent>
            <loadtype>EntireForm</loadtype>
            <refreshcontent>false</refreshcontent>
            <InsightIdentity>
              <ItemType>View</ItemType>
            </InsightIdentity>
            <LoadImageFromStore>false</LoadImageFromStore>
          </nodes>
          <parent>
            <Id>F854D6AE8BEA4355BD8B1508C668403D</Id>
            <Name>WorkspaceMenu</Name>
            <LastModifiedDate>2017-02-22T22:04:02.563+10:30</LastModifiedDate>
          </parent>
          <loadtype>EntireForm</loadtype>
          <refreshcontent>false</refreshcontent>
          <InsightIdentity>
            <ItemType>View</ItemType>
          </InsightIdentity>
          <LoadImageFromStore>false</LoadImageFromStore>
        </nodes>
        <nodes>
          <id>A614325D02FA46B2B7018337BD3ED07C</id>
          <name>Administration</name>
          <target>SameWindow</target>
          <ismodal>false</ismodal>
          <sectionbreak>false</sectionbreak>
          <solutionform />
          <width>10</width>
          <height>10</height>
          <accesslist>
            <defaultallowall>false</defaultallowall>
          </accesslist>
          <nodes>
            <id>1CBC056093FA459E80187781D9EE8A36</id>
            <name>Manage Resources</name>
            <target>SameWindow</target>
            <ismodal>false</ismodal>
            <sectionbreak>false</sectionbreak>
            <solutionform />
            <externalform>ManageResource.form</externalform>
            <width>10</width>
            <height>10</height>
            <accesslist>
              <defaultallowall>false</defaultallowall>
            </accesslist>
            <parent>
              <Id>A614325D02FA46B2B7018337BD3ED07C</Id>
              <Name>Administration</Name>
              <LastModifiedDate>2017-02-22T22:04:02.563+10:30</LastModifiedDate>
            </parent>
            <loadtype>EntireForm</loadtype>
            <refreshcontent>false</refreshcontent>
            <InsightIdentity>
              <ItemType>View</ItemType>
            </InsightIdentity>
            <LoadImageFromStore>false</LoadImageFromStore>
          </nodes>
          <nodes>
            <id>C7AF3BD6EEE442399423295372E9CC33</id>
            <name>Security Roles</name>
            <target>SameWindow</target>
            <ismodal>false</ismodal>
            <sectionbreak>false</sectionbreak>
            <solutionform />
            <externalform>securityroles.form</externalform>
            <width>10</width>
            <height>10</height>
            <accesslist>
              <defaultallowall>false</defaultallowall>
            </accesslist>
            <parent>
              <Id>A614325D02FA46B2B7018337BD3ED07C</Id>
              <Name>Administration</Name>
              <LastModifiedDate>2017-02-22T22:04:02.563+10:30</LastModifiedDate>
            </parent>
            <loadtype>EntireForm</loadtype>
            <refreshcontent>false</refreshcontent>
            <InsightIdentity>
              <ItemType>View</ItemType>
            </InsightIdentity>
            <LoadImageFromStore>false</LoadImageFromStore>
          </nodes>
          <nodes>
            <id>95C8545B0912442395CA75436300F7B5</id>
            <name>Processes</name>
            <target>SameWindow</target>
            <ismodal>false</ismodal>
            <sectionbreak>false</sectionbreak>
            <solutionform>processes</solutionform>
            <width>10</width>
            <height>10</height>
            <accesslist>
              <defaultallowall>false</defaultallowall>
            </accesslist>
            <nodes>
              <id>FC306F0F857440ED844EE180268D8AD4</id>
              <name>View Process</name>
              <target>SameWindow</target>
              <ismodal>false</ismodal>
              <sectionbreak>false</sectionbreak>
              <solutionform />
              <externalform>processes.form</externalform>
              <width>10</width>
              <height>10</height>
              <accesslist>
                <defaultallowall>false</defaultallowall>
              </accesslist>
              <parent>
                <Id>95C8545B0912442395CA75436300F7B5</Id>
                <Name>Processes</Name>
                <LastModifiedDate>2017-02-22T22:04:02.563+10:30</LastModifiedDate>
              </parent>
              <loadtype>EntireForm</loadtype>
              <refreshcontent>false</refreshcontent>
              <InsightIdentity>
                <ItemType>View</ItemType>
              </InsightIdentity>
              <LoadImageFromStore>false</LoadImageFromStore>
            </nodes>
            <nodes>
              <id>6303F2586C884ED4BB9DDBCECC0E0B5C</id>
              <name>Document Process</name>
              <target>SameWindow</target>
              <ismodal>false</ismodal>
              <sectionbreak>false</sectionbreak>
              <solutionform />
              <externalform>processdocumentation.form</externalform>
              <width>10</width>
              <height>10</height>
              <accesslist>
                <defaultallowall>false</defaultallowall>
              </accesslist>
              <parent>
                <Id>95C8545B0912442395CA75436300F7B5</Id>
                <Name>processes</Name>
                <LastModifiedDate>2017-02-22T22:04:02.563+10:30</LastModifiedDate>
              </parent>
              <loadtype>EntireForm</loadtype>
              <refreshcontent>false</refreshcontent>
              <InsightIdentity>
                <ItemType>View</ItemType>
              </InsightIdentity>
              <LoadImageFromStore>false</LoadImageFromStore>
            </nodes>
            <parent>
              <Id>A614325D02FA46B2B7018337BD3ED07C</Id>
              <Name>Administration</Name>
              <LastModifiedDate>2017-02-22T22:04:02.563+10:30</LastModifiedDate>
            </parent>
            <loadtype>EntireForm</loadtype>
            <refreshcontent>false</refreshcontent>
            <InsightIdentity>
              <ItemType>View</ItemType>
            </InsightIdentity>
            <LoadImageFromStore>false</LoadImageFromStore>
          </nodes>
          <nodes>
            <id>4A93AF92BA2B42F5B89507AE28F935D6</id>
            <name>Notes</name>
            <target>SameWindow</target>
            <ismodal>false</ismodal>
            <sectionbreak>false</sectionbreak>
            <solutionform>MaintainNoteTypes</solutionform>
            <formid>33351DEEC65B4641BCA8344AC3C19591</formid>
            <width>10</width>
            <height>10</height>
            <accesslist>
              <defaultallowall>false</defaultallowall>
            </accesslist>
            <parent>
              <Id>A614325D02FA46B2B7018337BD3ED07C</Id>
              <Name>Administration</Name>
              <LastModifiedDate>2017-02-22T22:04:02.563+10:30</LastModifiedDate>
            </parent>
            <loadtype>EntireForm</loadtype>
            <refreshcontent>false</refreshcontent>
            <InsightIdentity>
              <ItemType>View</ItemType>
            </InsightIdentity>
            <LoadImageFromStore>false</LoadImageFromStore>
          </nodes>
          <nodes>
            <id>F59EAC6150F542F988A22A16739CFC16</id>
            <name>Remove Finished Jobs</name>
            <target>SameWindow</target>
            <ismodal>false</ismodal>
            <sectionbreak>false</sectionbreak>
            <solutionform>RemoveFinishedJobs</solutionform>
            <formid>B8844A1FE5744EC39D5D934344A79DA3</formid>
            <width>10</width>
            <height>10</height>
            <accesslist>
              <defaultallowall>false</defaultallowall>
            </accesslist>
            <parent>
              <Id>A614325D02FA46B2B7018337BD3ED07C</Id>
              <Name>Administration</Name>
              <LastModifiedDate>2017-02-22T22:04:02.563+10:30</LastModifiedDate>
            </parent>
            <loadtype>EntireForm</loadtype>
            <refreshcontent>false</refreshcontent>
            <InsightIdentity>
              <ItemType>View</ItemType>
            </InsightIdentity>
            <LoadImageFromStore>false</LoadImageFromStore>
          </nodes>
          <nodes>
            <id>369C051355EC4D5090DA1B339B76C468</id>
            <name>Logged On Users</name>
            <target>SameWindow</target>
            <ismodal>false</ismodal>
            <sectionbreak>false</sectionbreak>
            <solutionform>LoggedOnUsers</solutionform>
            <formid>8E86F80F2CAE44C5BBBC15F7481B0A1F</formid>
            <width>10</width>
            <height>10</height>
            <accesslist>
              <defaultallowall>false</defaultallowall>
            </accesslist>
            <parent>
              <Id>A614325D02FA46B2B7018337BD3ED07C</Id>
              <Name>Administration</Name>
              <LastModifiedDate>2017-02-22T22:04:02.563+10:30</LastModifiedDate>
            </parent>
            <loadtype>EntireForm</loadtype>
            <refreshcontent>false</refreshcontent>
            <InsightIdentity>
              <ItemType>View</ItemType>
            </InsightIdentity>
            <LoadImageFromStore>false</LoadImageFromStore>
          </nodes>
          <nodes>
            <id>AA57738830B34FAC92262E12865D2B60</id>
            <name>View Audit Log</name>
            <target>SameWindow</target>
            <ismodal>false</ismodal>
            <sectionbreak>false</sectionbreak>
            <solutionform>ViewAuditLogEntries</solutionform>
            <formid>3BF5C06B47B54BB4AA5E43457DDC0090</formid>
            <width>10</width>
            <height>10</height>
            <accesslist>
              <defaultallowall>false</defaultallowall>
            </accesslist>
            <parent>
              <Id>A614325D02FA46B2B7018337BD3ED07C</Id>
              <Name>Administration</Name>
              <LastModifiedDate>2017-02-22T22:04:02.563+10:30</LastModifiedDate>
            </parent>
            <loadtype>EntireForm</loadtype>
            <refreshcontent>false</refreshcontent>
            <InsightIdentity>
              <ItemType>View</ItemType>
            </InsightIdentity>
            <LoadImageFromStore>false</LoadImageFromStore>
          </nodes>
          <nodes>
            <id>5E46B97A133A4B11BE3921CF72AE6BF3</id>
            <name>Remove Audit Log Entries</name>
            <target>SameWindow</target>
            <ismodal>false</ismodal>
            <sectionbreak>false</sectionbreak>
            <solutionform>RemoveAuditLogEntries</solutionform>
            <formid>0969169BE6A943A0B31E75715FE25E0F</formid>
            <width>10</width>
            <height>10</height>
            <accesslist>
              <defaultallowall>false</defaultallowall>
            </accesslist>
            <parent>
              <Id>A614325D02FA46B2B7018337BD3ED07C</Id>
              <Name>Administration</Name>
              <LastModifiedDate>2017-02-22T22:04:02.563+10:30</LastModifiedDate>
            </parent>
            <loadtype>EntireForm</loadtype>
            <refreshcontent>false</refreshcontent>
            <InsightIdentity>
              <ItemType>View</ItemType>
            </InsightIdentity>
            <LoadImageFromStore>false</LoadImageFromStore>
          </nodes>
          <nodes>
            <id>EC310E37321C41048D8C0F4BA0A8624B</id>
            <name>View Calendar Audit Log</name>
            <target>SameWindow</target>
            <ismodal>false</ismodal>
            <sectionbreak>false</sectionbreak>
            <solutionform>ViewCalendarAudit</solutionform>
            <formid>6F559FD0CEC241C5A29DC4530C6DED0B</formid>
            <width>10</width>
            <height>10</height>
            <accesslist>
              <defaultallowall>false</defaultallowall>
            </accesslist>
            <parent>
              <Id>A614325D02FA46B2B7018337BD3ED07C</Id>
              <Name>Administration</Name>
              <LastModifiedDate>2017-02-22T22:04:02.563+10:30</LastModifiedDate>
            </parent>
            <loadtype>EntireForm</loadtype>
            <refreshcontent>false</refreshcontent>
            <InsightIdentity>
              <ItemType>View</ItemType>
            </InsightIdentity>
            <LoadImageFromStore>false</LoadImageFromStore>
          </nodes>
          <nodes>
            <id>17277eba39994a3eaebf9817917840b1</id>
            <name>Reset Taken Activities</name>
            <target>SameWindow</target>
            <ismodal>false</ismodal>
            <sectionbreak>false</sectionbreak>
            <solutionform>ResetTakenActivities</solutionform>
            <formid>66E21B79CC6243C8A3F098883EAD7835</formid>
            <width>10</width>
            <height>10</height>
            <accesslist>
              <defaultallowall>false</defaultallowall>
            </accesslist>
            <parent>
              <Id>A614325D02FA46B2B7018337BD3ED07C</Id>
              <Name>Administration</Name>
              <LastModifiedDate>2017-02-22T22:04:02.564+10:30</LastModifiedDate>
            </parent>
            <loadtype>EntireForm</loadtype>
            <refreshcontent>false</refreshcontent>
            <InsightIdentity>
              <ItemType>View</ItemType>
            </InsightIdentity>
            <LoadImageFromStore>false</LoadImageFromStore>
          </nodes>
          <nodes>
            <id>15277eba39964a3ea3bf9818917840b1</id>
            <name>Work Allocation Rules</name>
            <target>SameWindow</target>
            <ismodal>false</ismodal>
            <sectionbreak>false</sectionbreak>
            <externalform>viewworkallocationrules.form</externalform>
            <width>10</width>
            <height>10</height>
            <accesslist>
              <defaultallowall>false</defaultallowall>
            </accesslist>
            <parent>
              <Id>A614325D02FA46B2B7018337BD3ED07C</Id>
              <Name>Administration</Name>
              <LastModifiedDate>2017-02-22T22:04:02.564+10:30</LastModifiedDate>
            </parent>
            <loadtype>EntireForm</loadtype>
            <refreshcontent>false</refreshcontent>
            <InsightIdentity>
              <ItemType>View</ItemType>
            </InsightIdentity>
            <LoadImageFromStore>false</LoadImageFromStore>
          </nodes>
          <nodes>
            <id>15277eba39964a3ea3bf9818917840b2</id>
            <name>Job Upgrader</name>
            <target>SameWindow</target>
            <ismodal>false</ismodal>
            <sectionbreak>false</sectionbreak>
            <solutionform>JobUpgrader</solutionform>
            <formid>011520FCC5774DE58722AD192882D0ED</formid>
            <width>10</width>
            <height>10</height>
            <accesslist>
              <defaultallowall>false</defaultallowall>
            </accesslist>
            <parent>
              <Id>A614325D02FA46B2B7018337BD3ED07C</Id>
              <Name>Administration</Name>
              <LastModifiedDate>2017-02-22T22:04:02.564+10:30</LastModifiedDate>
            </parent>
            <loadtype>EntireForm</loadtype>
            <refreshcontent>false</refreshcontent>
            <InsightIdentity>
              <ItemType>View</ItemType>
            </InsightIdentity>
            <LoadImageFromStore>false</LoadImageFromStore>
          </nodes>
          <nodes>
            <id>51F4B381D8574D3BBD18BA03351771FE</id>
            <name>Retention Policy Failures</name>
            <target>SameWindow</target>
            <ismodal>false</ismodal>
            <sectionbreak>false</sectionbreak>
            <solutionform>RetentionPolicyFailures</solutionform>
            <formid>A5115EBFCE50481FA33283276CADAB36</formid>
            <width>800</width>
            <height>500</height>
            <accesslist>
              <defaultallowall>false</defaultallowall>
            </accesslist>
            <parent>
              <Id>A614325D02FA46B2B7018337BD3ED07C</Id>
              <Name>Administration</Name>
              <LastModifiedDate>2017-02-22T22:04:02.564+10:30</LastModifiedDate>
            </parent>
            <loadtype>EntireForm</loadtype>
            <refreshcontent>true</refreshcontent>
            <InsightIdentity>
              <ItemType>View</ItemType>
            </InsightIdentity>
            <LoadImageFromStore>false</LoadImageFromStore>
          </nodes>
          <nodes>
            <id>832D160AF4304AB886913FAA3CF75ABB</id>
            <name>Manage Business Rule Logging</name>
            <target>SameWindow</target>
            <ismodal>false</ismodal>
            <sectionbreak>false</sectionbreak>
            <solutionform>ManageBusinessRuleLogging</solutionform>
            <formid>00B2D15F4F1B45E3AE5DF05501528F47</formid>
            <width>800</width>
            <height>500</height>
            <accesslist>
              <defaultallowall>false</defaultallowall>
            </accesslist>
            <parent>
              <Id>A614325D02FA46B2B7018337BD3ED07C</Id>
              <Name>Administration</Name>
              <LastModifiedDate>2017-05-10T15:56:23.306+09:30</LastModifiedDate>
            </parent>
            <loadtype>EntireForm</loadtype>
            <refreshcontent>true</refreshcontent>
            <InsightIdentity>
              <ItemType>View</ItemType>
            </InsightIdentity>
            <LoadImageFromStore>false</LoadImageFromStore>
          </nodes>
          <nodes>
            <id>DABD3F4505AA4E83A088604DA9BE6D8B</id>
            <name>View License Statistics</name>
            <target>SameWindow</target>
            <ismodal>false</ismodal>
            <sectionbreak>false</sectionbreak>
            <solutionform>LicenseStatistics</solutionform>
            <formid>3F31AF0B593E464FACEEB07057D73A6F</formid>
            <width>800</width>
            <height>500</height>
            <accesslist>
              <defaultallowall>false</defaultallowall>
            </accesslist>
            <parent>
              <Id>A614325D02FA46B2B7018337BD3ED07C</Id>
              <Name>Administration</Name>
              <LastModifiedDate>2019-08-12T21:08:36.946+09:30</LastModifiedDate>
            </parent>
            <loadtype>EntireForm</loadtype>
            <refreshcontent>true</refreshcontent>
            <InsightIdentity>
              <ItemType>View</ItemType>
            </InsightIdentity>
            <LoadImageFromStore>false</LoadImageFromStore>
          </nodes>
          <nodes>
            <id>736D5B2D3D1BB8C86B3EEB517159D845</id>
            <name>Manage Worker Tasks</name>
            <target>SameWindow</target>
            <ismodal>false</ismodal>
            <sectionbreak>false</sectionbreak>
            <image />
            <solutionform>Manage Worker Tasks</solutionform>
            <formid>D2B49677BA1B42CEAFF20719517267DA</formid>
            <externalform />
            <accesskey />
            <width>800</width>
            <height>500</height>
            <accesslist>
              <defaultallowall>false</defaultallowall>
            </accesslist>
            <parent>
              <Id>A614325D02FA46B2B7018337BD3ED07C</Id>
              <Name>Administration</Name>
              <LastModifiedDate>2019-09-10T09:12:41.826+09:30</LastModifiedDate>
            </parent>
            <loadtype>EntireForm</loadtype>
            <refreshcontent>true</refreshcontent>
            <InsightIdentity>
              <Name />
              <Url />
              <ItemType>View</ItemType>
            </InsightIdentity>
            <LoadImageFromStore>false</LoadImageFromStore>
          </nodes>
          <parent>
            <Id>F854D6AE8BEA4355BD8B1508C668403D</Id>
            <Name>WorkspaceMenu</Name>
            <LastModifiedDate>2017-02-22T22:04:02.564+10:30</LastModifiedDate>
          </parent>
          <loadtype>EntireForm</loadtype>
          <refreshcontent>false</refreshcontent>
          <InsightIdentity>
            <ItemType>View</ItemType>
          </InsightIdentity>
          <LoadImageFromStore>false</LoadImageFromStore>
        </nodes>
        <nodes>
          <id>D52A2D9E5BFFB556228AB1CCFD9E89E4</id>
          <name>Capture Solutions</name>
          <target>SameWindow</target>
          <ismodal>false</ismodal>
          <sectionbreak>false</sectionbreak>
          <image />
          <solutionform>CaptureSolutions</solutionform>
          <formid>8B30679E1EE447C48AC8285725FB98DB</formid>
          <externalform />
          <accesskey />
          <width>800</width>
          <height>500</height>
          <accesslist>
            <defaultallowall>false</defaultallowall>
          </accesslist>
          <parent>
            <Id>F854D6AE8BEA4355BD8B1508C668403D</Id>
            <Name>WorkspaceMenu</Name>
            <LastModifiedDate>0001-01-01T00:00:00</LastModifiedDate>
          </parent>
          <loadtype>EntireForm</loadtype>
          <refreshcontent>true</refreshcontent>
          <InsightIdentity>
            <Name />
            <Url />
            <ItemType>View</ItemType>
          </InsightIdentity>
          <LoadImageFromStore>false</LoadImageFromStore>
        </nodes>
        <loadtype>EntireForm</loadtype>
        <refreshcontent>false</refreshcontent>
        <InsightIdentity>
          <ItemType>View</ItemType>
        </InsightIdentity>
        <LoadImageFromStore>false</LoadImageFromStore>
      </treenode>
      <StringMappings>
        <ControlID>F854D6AE8BEA4355BD8B1508C668403D</ControlID>
        <StringId>514BDC9267BD4E3E962A5E1112083AF2</StringId>
      </StringMappings>
      <StringMappings>
        <ControlID>FEDEC94420304F6A85BC6E925D984339</ControlID>
        <StringId>4BC3BCA997FE4A5F93A0ABA15F775614</StringId>
      </StringMappings>
      <StringMappings>
        <ControlID>96AB75BDE51040B4A38026768F6AC6F3</ControlID>
        <StringId>5B4AB379C47344FC9ED4A19D92B91CE4</StringId>
      </StringMappings>
      <StringMappings>
        <ControlID>D01E0506750144C280DFBD494A3EBAEF</ControlID>
        <StringId>1114221A66C34D19B32A0F84B5F8AC20</StringId>
      </StringMappings>
      <StringMappings>
        <ControlID>7AB646E3EB334B7D97A032A9E5E7D784</ControlID>
        <StringId>F143C3CECBCE4D5F97CD89FA08C88A32</StringId>
      </StringMappings>
      <StringMappings>
        <ControlID>3862384CA2AC42C5A8F2D06F7E32C05A</ControlID>
        <StringId>BC8FEFE2212A45F1A70BC7FFE465EA75</StringId>
      </StringMappings>
      <StringMappings>
        <ControlID>CC55C03D4B59428192C27302D71C9159</ControlID>
        <StringId>1355034C2A3B44B6BD547C0A0BB64C22</StringId>
      </StringMappings>
      <StringMappings>
        <ControlID>1ADE9F96D8B742C1A3D9F7FDD7F04B94</ControlID>
        <StringId>52162AF4AB984D2EA1C023CF96187D17</StringId>
      </StringMappings>
      <StringMappings>
        <ControlID>9BBC35ED5D314A5FA4EAD85CA35D7C28</ControlID>
        <StringId>75D3BE193ADF4FF3A1EC8EA5823AB7B6</StringId>
      </StringMappings>
      <StringMappings>
        <ControlID>E2B2FA71E2684ED0ADB2F09B42D17887</ControlID>
        <StringId>DB4F6B538EDF4086BEB12DF1735512A2</StringId>
      </StringMappings>
      <StringMappings>
        <ControlID>84E238D120BD4B57B7DA18DD6CFAF869</ControlID>
        <StringId>065BCF5E8B0E43B689AD8D17B54127B5</StringId>
      </StringMappings>
      <StringMappings>
        <ControlID>422D9F8BCC754888969668A2DF795DD3</ControlID>
        <StringId>3A1956601ED14C098462A8184DB171CB</StringId>
      </StringMappings>
      <StringMappings>
        <ControlID>00374AB254264249BCF1E53CAF706F80</ControlID>
        <StringId>AA091C5CBD9E4AFFA68825EA5C3F896B</StringId>
      </StringMappings>
      <StringMappings>
        <ControlID>2DC8E4B853274515BA589894ED317A1A</ControlID>
        <StringId>FC6A8666238247639021460C77331E77</StringId>
      </StringMappings>
      <StringMappings>
        <ControlID>A608620E3E34419790F21C6A1B19FD0D</ControlID>
        <StringId>33673D276B934899A8C271CD75AB4DE0</StringId>
      </StringMappings>
      <StringMappings>
        <ControlID>DEB5B00974FC468EA15A4A55FC0DAAFE</ControlID>
        <StringId>8AAFBBDADB6743D485747A7C458EF6EB</StringId>
      </StringMappings>
      <StringMappings>
        <ControlID>A614325D02FA46B2B7018337BD3ED07C</ControlID>
        <StringId>F95FD900D72545C094F0E1A817DE97AA</StringId>
      </StringMappings>
      <StringMappings>
        <ControlID>1CBC056093FA459E80187781D9EE8A36</ControlID>
        <StringId>8994B005354446EEB6C5E13A2494C639</StringId>
      </StringMappings>
      <StringMappings>
        <ControlID>C7AF3BD6EEE442399423295372E9CC33</ControlID>
        <StringId>2623B6B8767842578ED4A39A08505CC2</StringId>
      </StringMappings>
      <StringMappings>
        <ControlID>95C8545B0912442395CA75436300F7B5</ControlID>
        <StringId>0BEC492EC0B844E89E041010805BB95F</StringId>
      </StringMappings>
      <StringMappings>
        <ControlID>FC306F0F857440ED844EE180268D8AD4</ControlID>
        <StringId>D5D1EB7F26014E97BE932EC7DFAE504B</StringId>
      </StringMappings>
      <StringMappings>
        <ControlID>6303F2586C884ED4BB9DDBCECC0E0B5C</ControlID>
        <StringId>ED60BDCE5D444AF5BC3D294B0A5B6CFA</StringId>
      </StringMappings>
      <StringMappings>
        <ControlID>4A93AF92BA2B42F5B89507AE28F935D6</ControlID>
        <StringId>AD825222AAE54A83BA5019EBB14B8C38</StringId>
      </StringMappings>
      <StringMappings>
        <ControlID>F59EAC6150F542F988A22A16739CFC16</ControlID>
        <StringId>A3E30018A7BB46D9BD5A4A86C9552E26</StringId>
      </StringMappings>
      <StringMappings>
        <ControlID>369C051355EC4D5090DA1B339B76C468</ControlID>
        <StringId>037A1D2FBF444CEFB90E140F9B0D81A0</StringId>
      </StringMappings>
      <StringMappings>
        <ControlID>AA57738830B34FAC92262E12865D2B60</ControlID>
        <StringId>99A52FB0BC824E81B1554D780A66D3B1</StringId>
      </StringMappings>
      <StringMappings>
        <ControlID>5E46B97A133A4B11BE3921CF72AE6BF3</ControlID>
        <StringId>2C470052C47A433C9C41FDBDB9B02624</StringId>
      </StringMappings>
      <StringMappings>
        <ControlID>EC310E37321C41048D8C0F4BA0A8624B</ControlID>
        <StringId>245FF1E4B1D748E2A35243AB55993DFD</StringId>
      </StringMappings>
      <StringMappings>
        <ControlID>17277eba39994a3eaebf9817917840b1</ControlID>
        <StringId>DEC0E4E29128404CB1A5726DF8F9BA96</StringId>
      </StringMappings>
      <StringMappings>
        <ControlID>15277eba39964a3ea3bf9818917840b1</ControlID>
        <StringId>E6B04E3271034F3982D4BCC76A762ECA</StringId>
      </StringMappings>
      <StringMappings>
        <ControlID>15277eba39964a3ea3bf9818917840b2</ControlID>
        <StringId>E6B04E3271034F3982D4BCC76A762ECB</StringId>
      </StringMappings>
      <StringMappings>
        <ControlID>51F4B381D8574D3BBD18BA03351771FE</ControlID>
        <StringId>2DD7875E2EB6446698257757418007AB</StringId>
      </StringMappings>
      <StringMappings>
        <ControlID>832D160AF4304AB886913FAA3CF75ABB</ControlID>
        <StringId>D9F8151DE54148148CAC5EE02B4BDB6D</StringId>
      </StringMappings>
      <StringMappings>
        <ControlID>DABD3F4505AA4E83A088604DA9BE6D8B</ControlID>
        <StringId>FCFB29B57F064EAC96F305722FC7F727</StringId>
      </StringMappings>
      <StringMappings>
        <ControlID>736D5B2D3D1BB8C86B3EEB517159D845</ControlID>
        <StringId>F17D81AEFD664CFE8459C2462D81E5D7</StringId>
      </StringMappings>
      <StringMappings>
        <ControlID>D52A2D9E5BFFB556228AB1CCFD9E89E4</ControlID>
        <StringId>0507C398A18C46018CB225E02AE613BF</StringId>
      </StringMappings>
    </NavigationData>
    <StringMappings>
      <StringMappingEntity>
        <ControlID>F854D6AE8BEA4355BD8B1508C668403D</ControlID>
        <StringId>514BDC9267BD4E3E962A5E1112083AF2</StringId>
      </StringMappingEntity>
      <StringMappingEntity>
        <ControlID>FEDEC94420304F6A85BC6E925D984339</ControlID>
        <StringId>4BC3BCA997FE4A5F93A0ABA15F775614</StringId>
      </StringMappingEntity>
      <StringMappingEntity>
        <ControlID>96AB75BDE51040B4A38026768F6AC6F3</ControlID>
        <StringId>5B4AB379C47344FC9ED4A19D92B91CE4</StringId>
      </StringMappingEntity>
      <StringMappingEntity>
        <ControlID>D01E0506750144C280DFBD494A3EBAEF</ControlID>
        <StringId>1114221A66C34D19B32A0F84B5F8AC20</StringId>
      </StringMappingEntity>
      <StringMappingEntity>
        <ControlID>7AB646E3EB334B7D97A032A9E5E7D784</ControlID>
        <StringId>F143C3CECBCE4D5F97CD89FA08C88A32</StringId>
      </StringMappingEntity>
      <StringMappingEntity>
        <ControlID>3862384CA2AC42C5A8F2D06F7E32C05A</ControlID>
        <StringId>BC8FEFE2212A45F1A70BC7FFE465EA75</StringId>
      </StringMappingEntity>
      <StringMappingEntity>
        <ControlID>CC55C03D4B59428192C27302D71C9159</ControlID>
        <StringId>1355034C2A3B44B6BD547C0A0BB64C22</StringId>
      </StringMappingEntity>
      <StringMappingEntity>
        <ControlID>1ADE9F96D8B742C1A3D9F7FDD7F04B94</ControlID>
        <StringId>52162AF4AB984D2EA1C023CF96187D17</StringId>
      </StringMappingEntity>
      <StringMappingEntity>
        <ControlID>9BBC35ED5D314A5FA4EAD85CA35D7C28</ControlID>
        <StringId>75D3BE193ADF4FF3A1EC8EA5823AB7B6</StringId>
      </StringMappingEntity>
      <StringMappingEntity>
        <ControlID>E2B2FA71E2684ED0ADB2F09B42D17887</ControlID>
        <StringId>DB4F6B538EDF4086BEB12DF1735512A2</StringId>
      </StringMappingEntity>
      <StringMappingEntity>
        <ControlID>84E238D120BD4B57B7DA18DD6CFAF869</ControlID>
        <StringId>065BCF5E8B0E43B689AD8D17B54127B5</StringId>
      </StringMappingEntity>
      <StringMappingEntity>
        <ControlID>422D9F8BCC754888969668A2DF795DD3</ControlID>
        <StringId>3A1956601ED14C098462A8184DB171CB</StringId>
      </StringMappingEntity>
      <StringMappingEntity>
        <ControlID>00374AB254264249BCF1E53CAF706F80</ControlID>
        <StringId>AA091C5CBD9E4AFFA68825EA5C3F896B</StringId>
      </StringMappingEntity>
      <StringMappingEntity>
        <ControlID>2DC8E4B853274515BA589894ED317A1A</ControlID>
        <StringId>FC6A8666238247639021460C77331E77</StringId>
      </StringMappingEntity>
      <StringMappingEntity>
        <ControlID>A608620E3E34419790F21C6A1B19FD0D</ControlID>
        <StringId>33673D276B934899A8C271CD75AB4DE0</StringId>
      </StringMappingEntity>
      <StringMappingEntity>
        <ControlID>DEB5B00974FC468EA15A4A55FC0DAAFE</ControlID>
        <StringId>8AAFBBDADB6743D485747A7C458EF6EB</StringId>
      </StringMappingEntity>
      <StringMappingEntity>
        <ControlID>A614325D02FA46B2B7018337BD3ED07C</ControlID>
        <StringId>F95FD900D72545C094F0E1A817DE97AA</StringId>
      </StringMappingEntity>
      <StringMappingEntity>
        <ControlID>1CBC056093FA459E80187781D9EE8A36</ControlID>
        <StringId>8994B005354446EEB6C5E13A2494C639</StringId>
      </StringMappingEntity>
      <StringMappingEntity>
        <ControlID>C7AF3BD6EEE442399423295372E9CC33</ControlID>
        <StringId>2623B6B8767842578ED4A39A08505CC2</StringId>
      </StringMappingEntity>
      <StringMappingEntity>
        <ControlID>95C8545B0912442395CA75436300F7B5</ControlID>
        <StringId>0BEC492EC0B844E89E041010805BB95F</StringId>
      </StringMappingEntity>
      <StringMappingEntity>
        <ControlID>FC306F0F857440ED844EE180268D8AD4</ControlID>
        <StringId>D5D1EB7F26014E97BE932EC7DFAE504B</StringId>
      </StringMappingEntity>
      <StringMappingEntity>
        <ControlID>6303F2586C884ED4BB9DDBCECC0E0B5C</ControlID>
        <StringId>ED60BDCE5D444AF5BC3D294B0A5B6CFA</StringId>
      </StringMappingEntity>
      <StringMappingEntity>
        <ControlID>4A93AF92BA2B42F5B89507AE28F935D6</ControlID>
        <StringId>AD825222AAE54A83BA5019EBB14B8C38</StringId>
      </StringMappingEntity>
      <StringMappingEntity>
        <ControlID>F59EAC6150F542F988A22A16739CFC16</ControlID>
        <StringId>A3E30018A7BB46D9BD5A4A86C9552E26</StringId>
      </StringMappingEntity>
      <StringMappingEntity>
        <ControlID>369C051355EC4D5090DA1B339B76C468</ControlID>
        <StringId>037A1D2FBF444CEFB90E140F9B0D81A0</StringId>
      </StringMappingEntity>
      <StringMappingEntity>
        <ControlID>AA57738830B34FAC92262E12865D2B60</ControlID>
        <StringId>99A52FB0BC824E81B1554D780A66D3B1</StringId>
      </StringMappingEntity>
      <StringMappingEntity>
        <ControlID>5E46B97A133A4B11BE3921CF72AE6BF3</ControlID>
        <StringId>2C470052C47A433C9C41FDBDB9B02624</StringId>
      </StringMappingEntity>
      <StringMappingEntity>
        <ControlID>EC310E37321C41048D8C0F4BA0A8624B</ControlID>
        <StringId>245FF1E4B1D748E2A35243AB55993DFD</StringId>
      </StringMappingEntity>
      <StringMappingEntity>
        <ControlID>17277eba39994a3eaebf9817917840b1</ControlID>
        <StringId>DEC0E4E29128404CB1A5726DF8F9BA96</StringId>
      </StringMappingEntity>
      <StringMappingEntity>
        <ControlID>15277eba39964a3ea3bf9818917840b1</ControlID>
        <StringId>E6B04E3271034F3982D4BCC76A762ECA</StringId>
      </StringMappingEntity>
      <StringMappingEntity>
        <ControlID>15277eba39964a3ea3bf9818917840b2</ControlID>
        <StringId>E6B04E3271034F3982D4BCC76A762ECB</StringId>
      </StringMappingEntity>
      <StringMappingEntity>
        <ControlID>51F4B381D8574D3BBD18BA03351771FE</ControlID>
        <StringId>2DD7875E2EB6446698257757418007AB</StringId>
      </StringMappingEntity>
      <StringMappingEntity>
        <ControlID>832D160AF4304AB886913FAA3CF75ABB</ControlID>
        <StringId>D9F8151DE54148148CAC5EE02B4BDB6D</StringId>
      </StringMappingEntity>
      <StringMappingEntity>
        <ControlID>DABD3F4505AA4E83A088604DA9BE6D8B</ControlID>
        <StringId>FCFB29B57F064EAC96F305722FC7F727</StringId>
      </StringMappingEntity>
      <StringMappingEntity>
        <ControlID>736D5B2D3D1BB8C86B3EEB517159D845</ControlID>
        <StringId>F17D81AEFD664CFE8459C2462D81E5D7</StringId>
      </StringMappingEntity>
      <StringMappingEntity>
        <ControlID>D52A2D9E5BFFB556228AB1CCFD9E89E4</ControlID>
        <StringId>0507C398A18C46018CB225E02AE613BF</StringId>
      </StringMappingEntity>
    </StringMappings>
    <ConfiguredLanguages />
    <LocalisedStringCollection />
  </NavigationMenu>
</ArrayOfNavigationMenu>