<?xml version="1.0" encoding="utf-16"?>
<ArrayOfSite xmlns:xsd="http://www.w3.org/2001/XMLSchema" xmlns:xsi="http://www.w3.org/2001/XMLSchema-instance">
  <Site>
    <SiteIdentity>
      <Id>F611CDBBF6CC4B31B78D11876C4572A6</Id>
      <AutomaticallyPopulate>true</AutomaticallyPopulate>
      <Name>ACC_InvoiceProcessing</Name>
    </SiteIdentity>
    <CategoryIdentity>
      <Id>2278FC5DACAA4553B7C22F31F86B8194</Id>
      <AutomaticallyPopulate>true</AutomaticallyPopulate>
      <Name>Invoice Processing</Name>
    </CategoryIdentity>
    <LastModifiedUser>
      <Id>9B95EBF369AC41C1983BB8F97DD056D4</Id>
      <AutomaticallyPopulate>true</AutomaticallyPopulate>
      <ResourceType>Worker</ResourceType>
      <EmailAddress />
      <UserId />
      <ManagerialLevel>0</ManagerialLevel>
    </LastModifiedUser>
    <LastModifiedTime>2021-11-15T17:18:39.673</LastModifiedTime>
    <Settings>
      <DesktopSite>
        <DefaultForm>
          <Id>FD469D885F4F43E1A4A1F14E0B111AA0</Id>
          <AutomaticallyPopulate>true</AutomaticallyPopulate>
          <Name>InvoiceProcessing_Logon</Name>
          <Version>0</Version>
        </DefaultForm>
        <HeaderForm>
          <Id>20F80CA548DC468D96DCCD74A2747855</Id>
          <AutomaticallyPopulate>true</AutomaticallyPopulate>
          <Name>ACC_Site_Header</Name>
          <Version>0</Version>
        </HeaderForm>
        <HorizontalNavigationMenu>
          <Id>DC2D84A5B8AB402541C32D28479A6C3D</Id>
          <Name>Invoices_Navigation</Name>
          <LastModifiedDate>2021-11-15T17:18:36.14+10:30</LastModifiedDate>
        </HorizontalNavigationMenu>
        <VerticalNavigationMenu>
          <Name />
          <LastModifiedDate>2018-05-09T17:12:37.497+09:30</LastModifiedDate>
        </VerticalNavigationMenu>
        <ThemeIdentity>
          <Id>0178FEA2525C4F3D8AC51E3C273D865D</Id>
          <AutomaticallyPopulate>true</AutomaticallyPopulate>
          <Name>TotalAgility Workspace</Name>
        </ThemeIdentity>
      </DesktopSite>
      <TabletSite>
        <DefaultForm>
          <Id />
          <AutomaticallyPopulate>true</AutomaticallyPopulate>
          <Name />
          <Version>0</Version>
        </DefaultForm>
        <HeaderForm>
          <Id />
          <AutomaticallyPopulate>true</AutomaticallyPopulate>
          <Name />
          <Version>0</Version>
        </HeaderForm>
        <HorizontalNavigationMenu>
          <Name />
          <LastModifiedDate>2018-05-09T17:12:37.497+09:30</LastModifiedDate>
        </HorizontalNavigationMenu>
        <VerticalNavigationMenu>
          <Name />
          <LastModifiedDate>2018-05-09T17:12:37.497+09:30</LastModifiedDate>
        </VerticalNavigationMenu>
        <ThemeIdentity>
          <Id>0178FEA2525C4F3D8AC51E3C273D865D</Id>
          <AutomaticallyPopulate>true</AutomaticallyPopulate>
          <Name>TotalAgility Workspace</Name>
        </ThemeIdentity>
      </TabletSite>
      <MobileSite>
        <DefaultForm>
          <Id />
          <AutomaticallyPopulate>true</AutomaticallyPopulate>
          <Name />
          <Version>0</Version>
        </DefaultForm>
        <HeaderForm>
          <Id />
          <AutomaticallyPopulate>true</AutomaticallyPopulate>
          <Name />
          <Version>0</Version>
        </HeaderForm>
        <HorizontalNavigationMenu>
          <Name />
          <LastModifiedDate>2018-05-09T17:12:37.497+09:30</LastModifiedDate>
        </HorizontalNavigationMenu>
        <VerticalNavigationMenu>
          <Name />
          <LastModifiedDate>2018-05-09T17:12:37.497+09:30</LastModifiedDate>
        </VerticalNavigationMenu>
        <ThemeIdentity>
          <Id>0178FEA2525C4F3D8AC51E3C273D865D</Id>
          <AutomaticallyPopulate>true</AutomaticallyPopulate>
          <Name>TotalAgility Workspace</Name>
        </ThemeIdentity>
      </MobileSite>
      <SiteLanguages />
    </Settings>
    <LockedBy>
      <Id>9B95EBF369AC41C1983BB8F97DD056D4</Id>
      <AutomaticallyPopulate>true</AutomaticallyPopulate>
      <Name />
      <ResourceType>Worker</ResourceType>
      <EmailAddress />
      <UserId />
      <ManagerialLevel>0</ManagerialLevel>
    </LockedBy>
  </Site>
</ArrayOfSite>