<processmaps xmlns:dt="urn:schemas-microsoft-com:datatypes" dbversion="7.900000" parentprocessmapversion="11.000000" parentprocessmapid="6826A434910649F58F03B3CB3BB9108B"><businessrules></businessrules><webservices></webservices><projectlist /><processmap><procdata><mapid>6826A434910649F58F03B3CB3BB9108B</mapid><mapname>BR Format Date</mapname><mapauthor>Unknown</mapauthor><mapauthorid>DF7F437D7D5A4844B9741A3C87D7F6F8</mapauthorid><maptrackstorejvh>0</maptrackstorejvh><helptext></helptext><lastmodified>9B95EBF369AC41C1983BB8F97DD056D4</lastmodified><allocationalgorithm>0</allocationalgorithm><arrowstyle>0</arrowstyle><arrowweighting>0</arrowweighting><designtimesettings>&lt;designtimesettings&gt;&lt;annotations /&gt;&lt;attachments /&gt;&lt;collaborationnodes /&gt;&lt;groupartifacts /&gt;&lt;pools&gt;&lt;pool&gt;&lt;xposition&gt;25&lt;/xposition&gt;&lt;yposition&gt;25&lt;/yposition&gt;&lt;width&gt;1650&lt;/width&gt;&lt;height&gt;669.8&lt;/height&gt;&lt;name&gt;New Business Rule&lt;/name&gt;&lt;id&gt;D1D180B2C0F64921953228185A9B6E1D&lt;/id&gt;&lt;type&gt;0&lt;/type&gt;&lt;lanes&gt;&lt;lane&gt;&lt;name&gt;Lane1&lt;/name&gt;&lt;index&gt;0&lt;/index&gt;&lt;poolid&gt;D1D180B2C0F64921953228185A9B6E1D&lt;/poolid&gt;&lt;height&gt;669.8&lt;/height&gt;&lt;/lane&gt;&lt;/lanes&gt;&lt;/pool&gt;&lt;/pools&gt;&lt;messageflows /&gt;&lt;layoutdirection&gt;Horizontal&lt;/layoutdirection&gt;&lt;layouttype&gt;ProcessTree&lt;/layouttype&gt;&lt;zoomfactor&gt;100&lt;/zoomfactor&gt;&lt;viewactivitycost&gt;False&lt;/viewactivitycost&gt;&lt;viewactivityduration&gt;False&lt;/viewactivityduration&gt;&lt;viewactivityresources&gt;False&lt;/viewactivityresources&gt;&lt;viewgroups&gt;False&lt;/viewgroups&gt;&lt;viewpools&gt;False&lt;/viewpools&gt;&lt;compatiblewithallcasedefversions&gt;0&lt;/compatiblewithallcasedefversions&gt;&lt;startnodes&gt;&lt;startnode&gt;&lt;designtimesettings&gt;&lt;xposition&gt;50&lt;/xposition&gt;&lt;yposition&gt;108&lt;/yposition&gt;&lt;width&gt;30&lt;/width&gt;&lt;height&gt;30&lt;/height&gt;&lt;inheritcolorfromsystem&gt;False&lt;/inheritcolorfromsystem&gt;&lt;colour&gt;#FF62A716&lt;/colour&gt;&lt;eventtype&gt;Default&lt;/eventtype&gt;&lt;name&gt;Start&lt;/name&gt;&lt;textposition&gt;CentreRight&lt;/textposition&gt;&lt;lane&gt;&lt;name&gt;Lane1&lt;/name&gt;&lt;index&gt;0&lt;/index&gt;&lt;poolid&gt;D1D180B2C0F64921953228185A9B6E1D&lt;/poolid&gt;&lt;height&gt;669.8&lt;/height&gt;&lt;/lane&gt;&lt;annotations /&gt;&lt;attachments /&gt;&lt;/designtimesettings&gt;&lt;/startnode&gt;&lt;/startnodes&gt;&lt;redraw&gt;False&lt;/redraw&gt;&lt;/designtimesettings&gt;</designtimesettings><attachments></attachments><annotations></annotations><formsections></formsections><form></form><categoryid>2278FC5DACAA4553B7C22F31F86B8194</categoryid><targetdays>0</targetdays><targethours>0</targethours><targetmins>0</targetmins><targetsecs>0</targetsecs><priority>1</priority><transactional>0</transactional><backgroundcolour>0</backgroundcolour><version>11.000000</version><cost>0.000000</cost><creationdate>2015-03-24T12:59:18</creationdate><changedate>2021-11-26T13:41:50</changedate><description></description><status>2</status><newmap>0</newmap><archivefinishedjobs>0</archivefinishedjobs><straightthrough>1</straightthrough><poolid>0</poolid><dynexpfinishtimevar></dynexpfinishtimevar><mapmilestonesrvstdtag /><mapmilestonescopetag>0</mapmilestonescopetag><mapmilestonetag /><dynamicbudget></dynamicbudget><budget>0.000000</budget><processtype>5</processtype><processtypestring>BusinessRule</processtypestring><associatedcaseid></associatedcaseid><associatedcase></associatedcase><latestcaseversion>0.000000</latestcaseversion><prefixvariable>0</prefixvariable><completioneventmapid></completioneventmapid><completioneventmapname></completioneventmapname><assocjobsoncompletion>0</assocjobsoncompletion><sendemail>0</sendemail><emailto>0</emailto><subjecttext></subjecttext><subjectvar></subjectvar><contenttext></contenttext><contentvar></contentvar><urltext></urltext><urlvar></urlvar><appendassocfile>0</appendassocfile><initialisationvariables><initialisationvariable><varname>FORMATTERNAME</varname></initialisationvariable><initialisationvariable><varname>DATEVALUE</varname></initialisationvariable></initialisationvariables><outputvariables><outputvariable><varid>FORMATTEDTEXT</varid></outputvariable><outputvariable><varid>ISVALID</varid></outputvariable><outputvariable><varid>ERRORMESSAGE</varid></outputvariable></outputvariables><maintenanceaccess><resource><resourcetype>3</resourcetype><resourcename>Everyone</resourcename><resourceid>7DF43CCDF24611D2804B00104B71BD15</resourceid><serverid>D2E7F6CEDCD95B4B8CCBD741C4297B24</serverid><unavailability>Default</unavailability><accesstype>0</accesstype><seqassignorder>0</seqassignorder><excluded>0</excluded></resource></maintenanceaccess><creationaccess><resource><resourcetype>3</resourcetype><resourcename>Everyone</resourcename><resourceid>7DF43CCDF24611D2804B00104B71BD15</resourceid><serverid>D2E7F6CEDCD95B4B8CCBD741C4297B24</serverid><unavailability>Default</unavailability><accesstype>0</accesstype><seqassignorder>0</seqassignorder><excluded>0</excluded></resource></creationaccess><suspendaccess><resource><resourcetype>3</resourcetype><resourcename>Everyone</resourcename><resourceid>7DF43CCDF24611D2804B00104B71BD15</resourceid><serverid>D2E7F6CEDCD95B4B8CCBD741C4297B24</serverid><unavailability>Default</unavailability><accesstype>0</accesstype><seqassignorder>0</seqassignorder><excluded>0</excluded></resource></suspendaccess><terminateaccess><resource><resourcetype>3</resourcetype><resourcename>Everyone</resourcename><resourceid>7DF43CCDF24611D2804B00104B71BD15</resourceid><serverid>D2E7F6CEDCD95B4B8CCBD741C4297B24</serverid><unavailability>Default</unavailability><accesstype>0</accesstype><seqassignorder>0</seqassignorder><excluded>0</excluded></resource></terminateaccess><restartaccess><resource><resourcetype>3</resourcetype><resourcename>Everyone</resourcename><resourceid>7DF43CCDF24611D2804B00104B71BD15</resourceid><serverid>D2E7F6CEDCD95B4B8CCBD741C4297B24</serverid><unavailability>Default</unavailability><accesstype>0</accesstype><seqassignorder>0</seqassignorder><excluded>0</excluded></resource></restartaccess><holdaccess><resource><resourcetype>3</resourcetype><resourcename>Everyone</resourcename><resourceid>7DF43CCDF24611D2804B00104B71BD15</resourceid><serverid>D2E7F6CEDCD95B4B8CCBD741C4297B24</serverid><unavailability>Default</unavailability><accesstype>0</accesstype><seqassignorder>0</seqassignorder><excluded>0</excluded></resource></holdaccess><customiseaccess /><jobdetailviewaccess><resource><resourcetype>3</resourcetype><resourcename>Everyone</resourcename><resourceid>7DF43CCDF24611D2804B00104B71BD15</resourceid><serverid>D2E7F6CEDCD95B4B8CCBD741C4297B24</serverid><unavailability>Default</unavailability><accesstype>0</accesstype><seqassignorder>0</seqassignorder><excluded>0</excluded></resource></jobdetailviewaccess><scanvrsprofileaccess><resource><resourcetype>3</resourcetype><resourcename>Everyone</resourcename><resourceid>7DF43CCDF24611D2804B00104B71BD15</resourceid><serverid>D2E7F6CEDCD95B4B8CCBD741C4297B24</serverid><unavailability>Default</unavailability><accesstype>0</accesstype><seqassignorder>0</seqassignorder><excluded>0</excluded></resource></scanvrsprofileaccess><separationprofileaccess><resource><resourcetype>3</resourcetype><resourcename>Everyone</resourcename><resourceid>7DF43CCDF24611D2804B00104B71BD15</resourceid><serverid>D2E7F6CEDCD95B4B8CCBD741C4297B24</serverid><unavailability>Default</unavailability><accesstype>0</accesstype><seqassignorder>0</seqassignorder><excluded>0</excluded></resource></separationprofileaccess><updatedocumentcontaineraccess><resource><resourcetype>3</resourcetype><resourcename>Everyone</resourcename><resourceid>7DF43CCDF24611D2804B00104B71BD15</resourceid><serverid>D2E7F6CEDCD95B4B8CCBD741C4297B24</serverid><unavailability>Default</unavailability><accesstype>0</accesstype><seqassignorder>0</seqassignorder><excluded>0</excluded></resource></updatedocumentcontaineraccess><editbusinessdataaccess /><defaultusableresources><resource><resourcetype>3</resourcetype><resourcename>Everyone</resourcename><resourceid>7DF43CCDF24611D2804B00104B71BD15</resourceid><serverid>D2E7F6CEDCD95B4B8CCBD741C4297B24</serverid><unavailability>Default</unavailability><accesstype>0</accesstype><seqassignorder>0</seqassignorder><excluded>0</excluded></resource></defaultusableresources><exceptions><exception><exceptioncode>EXP0004</exceptioncode><processmapid /><processmapname /><description>Invoked when the cost of job exceeds the expected value.</description><version>0.000000</version><serveronly>0</serveronly></exception><exception><exceptioncode>EXP0005</exceptioncode><processmapid /><processmapname /><description>Invoked when a job exceeds its expected duration.</description><version>0.000000</version><serveronly>0</serveronly></exception><exception><exceptioncode>EXP0006</exceptioncode><processmapid /><processmapname /><description>Invoked when an activity exceeds its expected duration.</description><version>0.000000</version><serveronly>0</serveronly></exception><exception><exceptioncode>EXP0009</exceptioncode><processmapid /><processmapname /><description>Invoked when a Script Object fails to execute automatically.</description><version>0.000000</version><serveronly>0</serveronly></exception><exception><exceptioncode>EXP0010</exceptioncode><processmapid /><processmapname /><description>Invoked when a process is stalled.</description><version>0.000000</version><serveronly>0</serveronly></exception><exception><exceptioncode>EXP0013</exceptioncode><processmapid /><processmapname /><description>Invoked when an activity crosses the due date.</description><version>0.000000</version><serveronly>0</serveronly></exception><exception><exceptioncode>EXP0017</exceptioncode><processmapid /><processmapname /><description>Invoked when synchronous processing fails.</description><version>0.000000</version><serveronly>0</serveronly></exception><exception><exceptioncode>EXP0018</exceptioncode><processmapid /><processmapname /><description>Invoked when no usable resource is assigned to an activity.</description><version>0.000000</version><serveronly>0</serveronly></exception><exception><exceptioncode>EXP0019</exceptioncode><processmapid /><processmapname /><description>Invoked when a .NET object fails to execute.</description><version>0.000000</version><serveronly>0</serveronly></exception><exception><exceptioncode>EXP0020</exceptioncode><processmapid /><processmapname /><description>Invoked when a Web Service object fails to execute.</description><version>0.000000</version><serveronly>0</serveronly></exception><exception><exceptioncode>EXP0022</exceptioncode><processmapid /><processmapname /><description>Invoked when a C# Script activity fails to execute when running automatically.</description><version>0.000000</version><serveronly>0</serveronly></exception><exception><exceptioncode>EXP0023</exceptioncode><processmapid /><processmapname /><description>Invoked when a VB .NET Script activity fails to execute.</description><version>0.000000</version><serveronly>0</serveronly></exception><exception><exceptioncode>EXP0025</exceptioncode><processmapid /><processmapname /><description>Invoked when a Data Access activity fails to execute.</description><version>0.000000</version><serveronly>0</serveronly></exception><exception><exceptioncode>EXP0036</exceptioncode><processmapid /><processmapname /><description>Invoked when the transfer of documents to another server fails to execute.</description><version>0.000000</version><serveronly>0</serveronly></exception><exception><exceptioncode>EXP0038</exceptioncode><processmapid /><processmapname /><description>Invoked when any automatic activity fails to execute.</description><version>0.000000</version><serveronly>0</serveronly></exception></exceptions><states /><milestones /><bpescalations /><mapvirtualfolders><virtualfolderstructure></virtualfolderstructure><indexdatacollection /><mapvirtualfolderstructure></mapvirtualfolderstructure></mapvirtualfolders><businessdatavariables /><serverid>D2E7F6CEDCD95B4B8CCBD741C4297B24</serverid><xmlexpressionlist /><ragstatus><amberthreshold>0</amberthreshold><redthreshold>0</redthreshold><blackthreshold>0</blackthreshold><purplethreshold>0</purplethreshold></ragstatus><casedefcomruntime_data /><archivetopi>0</archivetopi><runtime_settings>0</runtime_settings><process_owner_id></process_owner_id><score_rule /><map_valid_from /><map_valid_to /><captureenabled>0</captureenabled><iscaptureprocess>0</iscaptureprocess><reportingtag></reportingtag><settingsxml>&lt;?xml version="1.0" encoding="utf-16"?&gt;
&lt;BusinessProcessSettings xmlns:xsd="http://www.w3.org/2001/XMLSchema" xmlns:xsi="http://www.w3.org/2001/XMLSchema-instance"&gt;
  &lt;CaptureProcessSettings&gt;
    &lt;ClassificationGroup&gt;
      &lt;Id /&gt;
      &lt;AutomaticallyPopulate&gt;true&lt;/AutomaticallyPopulate&gt;
      &lt;Version&gt;0&lt;/Version&gt;
      &lt;Name /&gt;
    &lt;/ClassificationGroup&gt;
    &lt;ScanVrsProfiles&gt;
      &lt;ScanVrsProfileIdentity&gt;
        &lt;Id&gt;C525FA863EB74348961543C740ED00A0&lt;/Id&gt;
        &lt;Name&gt;Default&lt;/Name&gt;
      &lt;/ScanVrsProfileIdentity&gt;
    &lt;/ScanVrsProfiles&gt;
    &lt;SeparationProfile /&gt;
    &lt;DefaultScanVrsProfile&gt;
      &lt;Id&gt;C525FA863EB74348961543C740ED00A0&lt;/Id&gt;
      &lt;Name&gt;Default&lt;/Name&gt;
    &lt;/DefaultScanVrsProfile&gt;
    &lt;DocConversionProfiles /&gt;
    &lt;DefaultDocConversionProfile /&gt;
    &lt;SaveScannedImageAsPageRendition&gt;false&lt;/SaveScannedImageAsPageRendition&gt;
    &lt;PageRendition&gt;0&lt;/PageRendition&gt;
    &lt;PdfTextExtractionMode&gt;0&lt;/PdfTextExtractionMode&gt;
    &lt;AllowRotateReorderImportedImages&gt;true&lt;/AllowRotateReorderImportedImages&gt;
    &lt;AllowSplitMergeDeleteImportedDocument&gt;true&lt;/AllowSplitMergeDeleteImportedDocument&gt;
    &lt;PdfTextWordSeparationChars&gt;/:()-#&lt;/PdfTextWordSeparationChars&gt;
  &lt;/CaptureProcessSettings&gt;
  &lt;RetentionPolicySettings&gt;
    &lt;KeepForever&gt;true&lt;/KeepForever&gt;
    &lt;RetentionPolicyDuration&gt;
      &lt;Years&gt;1&lt;/Years&gt;
      &lt;Months&gt;0&lt;/Months&gt;
      &lt;Days&gt;0&lt;/Days&gt;
      &lt;Hours&gt;0&lt;/Hours&gt;
      &lt;Minutes&gt;0&lt;/Minutes&gt;
    &lt;/RetentionPolicyDuration&gt;
  &lt;/RetentionPolicySettings&gt;
  &lt;MaximumLoopCount&gt;0&lt;/MaximumLoopCount&gt;
  &lt;ShowSpecificOutputVariables&gt;false&lt;/ShowSpecificOutputVariables&gt;
  &lt;VariableDisplayPropertiesCollection /&gt;
&lt;/BusinessProcessSettings&gt;</settingsxml><associateddotnetreferences /><processnotes /><cnjformidentity><id /><name /></cnjformidentity><hasdocumentcontainer>0</hasdocumentcontainer></procdata><entitylist></entitylist><variableslist><variable><varname>DATEDELIMITER</varname><vartype>8</vartype><varvalue xml:space="preserve">.</varvalue><dynamic>0</dynamic><used_in_skin>0</used_in_skin><entityid>4FEE4E069417475DAC5D2C2E5C95CA49</entityid><entityname>Default Data Grouping</entityname><vardisplayname>DateDelimiter</vardisplayname><variablemembers /></variable><variable><varname>DATEISVALID</varname><vartype>11</vartype><varvalue>0</varvalue><dynamic>0</dynamic><used_in_skin>0</used_in_skin><entityid>4FEE4E069417475DAC5D2C2E5C95CA49</entityid><entityname>Default Data Grouping</entityname><vardisplayname>DateIsValid</vardisplayname><variablemembers /></variable><variable><varname>DATEVALUE</varname><vartype>7</vartype><varvalue>2015-03-25T18:03:43.00000</varvalue><dynamic>0</dynamic><used_in_skin>0</used_in_skin><entityid>4FEE4E069417475DAC5D2C2E5C95CA49</entityid><entityname>Default Data Grouping</entityname><vardisplayname>DateValue</vardisplayname><variablemembers /></variable><variable><varname>ERRORMESSAGE</varname><vartype>8</vartype><varvalue xml:space="preserve"></varvalue><dynamic>0</dynamic><used_in_skin>0</used_in_skin><entityid>4FEE4E069417475DAC5D2C2E5C95CA49</entityid><entityname>Default Data Grouping</entityname><vardisplayname>ErrorMessage</vardisplayname><variablemembers /></variable><variable><varname>FORMATTEDTEXT</varname><vartype>8</vartype><varvalue xml:space="preserve"></varvalue><dynamic>0</dynamic><used_in_skin>0</used_in_skin><entityid>4FEE4E069417475DAC5D2C2E5C95CA49</entityid><entityname>Default Data Grouping</entityname><vardisplayname>FormattedText</vardisplayname><variablemembers /></variable><variable><varname>FORMATTERNAME</varname><vartype>8</vartype><varvalue xml:space="preserve"></varvalue><dynamic>0</dynamic><used_in_skin>0</used_in_skin><entityid>4FEE4E069417475DAC5D2C2E5C95CA49</entityid><entityname>Default Data Grouping</entityname><vardisplayname>FormatterName</vardisplayname><variablemembers /></variable><variable><varname>ISVALID</varname><vartype>11</vartype><varvalue>0</varvalue><dynamic>0</dynamic><used_in_skin>0</used_in_skin><entityid>4FEE4E069417475DAC5D2C2E5C95CA49</entityid><entityname>Default Data Grouping</entityname><vardisplayname>IsValid</vardisplayname><variablemembers /></variable></variableslist><roleslist /><processeventlist /><nodelist><node><nodetype>1</nodetype><nodedata><processid>6826A434910649F58F03B3CB3BB9108B</processid><version>11.000000</version><nodeid>1</nodeid><isstartnode>1</isstartnode><nodetype>1</nodetype><designtimetype>33</designtimetype><activationprobability>100</activationprobability><embeddedname></embeddedname><state /><statescope>0</statescope><activitymilestone></activitymilestone><activitymilestonescope>0</activitymilestonescope><activitypendmilestone></activitypendmilestone><activitypendmilestonescope>0</activitypendmilestonescope><activitydonemilestone></activitydonemilestone><activitydonemilestonescope>0</activitydonemilestonescope><nodependevent /><nodependeventscope>0</nodependeventscope><nodedoneevent /><nodedoneeventscope>0</nodedoneeventscope><titleposno>5</titleposno><embeddedproccount>0</embeddedproccount><iscustomnode>0</iscustomnode><designtimesettings>&lt;designtimesettings&gt;&lt;xposition&gt;136&lt;/xposition&gt;&lt;yposition&gt;93&lt;/yposition&gt;&lt;width&gt;90&lt;/width&gt;&lt;height&gt;60&lt;/height&gt;&lt;inheritcolorfromsystem&gt;False&lt;/inheritcolorfromsystem&gt;&lt;colour&gt;#FF0000FF&lt;/colour&gt;&lt;textposition&gt;Centre&lt;/textposition&gt;&lt;lane&gt;&lt;name&gt;Lane1&lt;/name&gt;&lt;index&gt;0&lt;/index&gt;&lt;poolid&gt;D1D180B2C0F64921953228185A9B6E1D&lt;/poolid&gt;&lt;height&gt;669.8&lt;/height&gt;&lt;/lane&gt;&lt;annotations /&gt;&lt;attachments /&gt;&lt;resourcenotes /&gt;&lt;/designtimesettings&gt;</designtimesettings><attachments></attachments><annotations></annotations><dependants /><destinationnodes><destinationnode><nodeid>5</nodeid><nodetype>1</nodetype></destinationnode></destinationnodes><originnodes /><branchingrules /><runtimesettings>0</runtimesettings></nodedata><activitydata><inputvariables><inputvariable><varid>SPP_SYSTEM_SESSION_ID</varid></inputvariable><inputvariable><varid>DATEVALUE</varid></inputvariable><inputvariable><varid>FORMATTEDTEXT</varid></inputvariable></inputvariables><outputvariables /><requiredresources /><usableresources /><dynamicresourcesdata><overwriteusableresources>0</overwriteusableresources><dynamicresourcesvariables /></dynamicresourcesdata><targettime>0</targettime><delaytime>0</delaytime><expectedcost>0.000000</expectedcost><securitylevel>10</securitylevel><skilllevel>10</skilllevel><useprevioususer>0</useprevioususer><tasktype>7</tasktype><priority>1</priority><automatic>1</automatic><trackstorejvh>0</trackstorejvh><usesameasprevious>0</usesameasprevious><taskid>0</taskid><usesameasprevioustype>0</usesameasprevioustype><fixedcost>0.000000</fixedcost><taskname>Conv Date to Str</taskname><resourceid /><createdby>DF7F437D7D5A4844B9741A3C87D7F6F8</createdby><purpose></purpose><description></description><script>using System;using System.Globalization;using Agility.Server.Scripting.ScriptAssembly;namespace MyNamespace{    public class Class1    {        public Class1()        {        }        [StartMethodAttribute()]        public void Method1(ScriptParameters sp)        {            // get input parameters             string sFreightTotal = sp.InputVariables[&amp;quot;FREIGHTTOTAL&amp;quot;].ToString();            string sDiscountTotal = sp.InputVariables[&amp;quot;DISCOUNTTOTAL&amp;quot;].ToString();            string sTotal = sp.InputVariables[&amp;quot;TOTAL&amp;quot;].ToString();            string sGSTTotal  =  sp.InputVariables[&amp;quot;GSTTOTAL&amp;quot;].ToString();                double dblFreightTotal = 0;            double dblDiscountTotal = 0;            double dblSubTotal = 0;            double dblGSTTotal = 0;            double dblTotal = 0;            double sngGSTRate = 0.10;            if (double.TryParse(sFreightTotal, out dblFreightTotal))            {            }            if (double.TryParse(sDiscountTotal, out dblDiscountTotal))            {            }            if (double.TryParse(sTotal, out dblTotal))            {            }            if (double.TryParse(sGSTTotal , out dblGSTTotal))            {                //dblSubTotal = dblTotal - dblFreightTotal + dblDiscountTotal - dblGSTTotal  ;              dblSubTotal = dblTotal - dblGSTTotal  ;              //  dblGSTTotal = dblSubTotal * sngGSTRate;              //  dblTotal = dblSubTotal + dblGSTTotal;            }            // output value             sp.OutputVariables[&amp;quot;SUBTOTALSTR&amp;quot;] = string.Format(&amp;quot;{0:0.00}&amp;quot;, dblSubTotal );       //     sp.OutputVariables[&amp;quot;TOTAL&amp;quot;] = string.Format(&amp;quot;{0:0.00}&amp;quot;, dblTotal);         }    }}</script><processid /><creationdate>2021-12-17T13:25:50.60927</creationdate><transactionalinfo /><createnewjobinfo><cnjprocessid></cnjprocessid><initparams></initparams><outputs></outputs><varid></varid><jobtype>0</jobtype><reftype>0</reftype></createnewjobinfo><scriptprogid>CSHARP</scriptprogid><preloadscript>1</preloadscript><assocfile></assocfile><designinfo /><sleepinfo>0</sleepinfo><jobowneridinfo></jobowneridinfo><jobownervaridinfo></jobownervaridinfo><negativelagtime>0</negativelagtime><dynduedate>0</dynduedate><dynduedatevar /><dyntargetdurationvar /><sendemail>0</sendemail><emailto>0</emailto><subjecttext></subjecttext><subjectvar></subjectvar><contenttext></contenttext><contentvar></contentvar><urltext></urltext><urlvar></urlvar><appendassocfile>0</appendassocfile><dotnet><dotnetactivity><assemblyid>TotalAgility.Sdk.dll</assemblyid><assemblyloadtype>0</assemblyloadtype><assemblyname>TotalAgility.Sdk.dll</assemblyname><classname>TotalAgility.Sdk.ServerService</classname><methodname>ExecuteCalculationNode</methodname><duplicatemethodno>1</duplicatemethodno><noofparams>0</noofparams><paramsmappingxmltag>&lt;parameters&gt;&lt;param direction="in" source="SPP_SYSTEM_SESSION_ID" field="SPP_SYSTEM_SESSION_ID" datatype="System.String" value="SPP_SYSTEM_SESSION_ID" name="sessionId" selection="false" /&gt;&lt;param direction="in" datatype="Agility.Sdk.Model.Calculations.CalculationNode" name="CalculationNode" selection="false"&gt;&lt;member name="ProcessActivityIdentity" type="Agility.Sdk.Model.Activities.ProcessActivityIdentity" selection="false" index="0"&gt;&lt;member name="ProcessIdentity" type="Agility.Sdk.Model.Processes.ProcessIdentity" selection="false" index="0"&gt;&lt;member name="Id" source="inline" type="System.String" value="6826A434910649F58F03B3CB3BB9108B" selection="false" index="0" /&gt;&lt;member name="Version" source="inline" type="System.Double" value="11" selection="false" index="0" /&gt;&lt;member name="Name" source="inline" type="System.String" value="BR Format Date" selection="false" index="0" /&gt;&lt;/member&gt;&lt;member name="NodeId" source="inline" type="System.Int16" value="1" selection="false" index="0" /&gt;&lt;member name="ActivityName" source="inline" type="System.String" value="Conv Date to Str" selection="false" index="0" /&gt;&lt;/member&gt;&lt;member name="InputVariables" type="Agility.Sdk.Model.Variables.InputVariable[]" selection="false" index="0"&gt;&lt;member type="Agility.Sdk.Model.Variables.InputVariable" selection="false" index="0"&gt;&lt;member name="Id" source="inline" type="System.String" value="SPP_SYSTEM_SESSION_ID" selection="false" index="0" /&gt;&lt;member name="Value" source="SPP_SYSTEM_SESSION_ID" type="System.Object" value="SPP_SYSTEM_SESSION_ID" field="SPP_SYSTEM_SESSION_ID" selection="false" index="0" /&gt;&lt;/member&gt;&lt;member type="Agility.Sdk.Model.Variables.InputVariable" selection="false" index="0"&gt;&lt;member name="Id" source="inline" type="System.String" value="DATEVALUE" selection="false" index="0" /&gt;&lt;member name="Value" source="DATEVALUE" type="System.Object" value="DATEVALUE" field="DATEVALUE" selection="false" index="0" /&gt;&lt;/member&gt;&lt;member type="Agility.Sdk.Model.Variables.InputVariable" selection="false" index="0"&gt;&lt;member name="Id" source="inline" type="System.String" value="FORMATTEDTEXT" selection="false" index="0" /&gt;&lt;member name="Value" source="FORMATTEDTEXT" type="System.Object" value="FORMATTEDTEXT" field="FORMATTEDTEXT" selection="false" index="0" /&gt;&lt;/member&gt;&lt;/member&gt;&lt;member name="CalculationScriptCollection" type="Agility.Sdk.Model.Calculations.CalculationScript[]" selection="false" index="0"&gt;&lt;member type="Agility.Sdk.Model.Calculations.CalculationScript" selection="false" index="0"&gt;&lt;member name="Script" source="inline" type="System.String" value="&amp;lt;?xml version=&amp;quot;1.0&amp;quot; encoding=&amp;quot;utf-16&amp;quot;?&amp;gt;&amp;lt;Rule xmlns:xsd=&amp;quot;http://www.w3.org/2001/XMLSchema&amp;quot; xmlns:xsi=&amp;quot;http://www.w3.org/2001/XMLSchema-instance&amp;quot;&amp;gt;&amp;lt;RuleInputs&amp;gt;&amp;lt;RuleInput&amp;gt;&amp;lt;Id&amp;gt;DATEVALUE&amp;lt;/Id&amp;gt;&amp;lt;Scope&amp;gt;None&amp;lt;/Scope&amp;gt;&amp;lt;VariableType&amp;gt;Empty&amp;lt;/VariableType&amp;gt;&amp;lt;/RuleInput&amp;gt;&amp;lt;/RuleInputs&amp;gt;&amp;lt;Script&amp;gt; ToString( ¬DATEVALUE¬)&amp;lt;/Script&amp;gt;&amp;lt;RuleType&amp;gt;Expression&amp;lt;/RuleType&amp;gt;&amp;lt;/Rule&amp;gt;" selection="false" index="0" /&gt;&lt;member name="Description" source="inline" type="System.String" value="" selection="false" index="0" /&gt;&lt;member name="TargetVariable" type="Agility.Sdk.Model.Variables.OutputVariable" selection="false" index="0"&gt;&lt;member name="Id" source="inline" type="System.String" value="FORMATTEDTEXT" selection="false" index="0" /&gt;&lt;member name="Value" source="FORMATTEDTEXT" type="System.Object" value="FORMATTEDTEXT" field="FORMATTEDTEXT" selection="false" index="0" /&gt;&lt;/member&gt;&lt;member name="UseBusinessCalendar" source="inline" type="System.Boolean" value="False" selection="false" index="0" /&gt;&lt;/member&gt;&lt;/member&gt;&lt;/param&gt;&lt;param direction="ret" datatype="Agility.Sdk.Model.Variables.OutputVariable[]" name="Return Parameter" selection="false"&gt;&lt;member type="Agility.Sdk.Model.Variables.OutputVariable" selection="false" index="0"&gt;&lt;member name="Id" source="inline" type="System.String" value="FORMATTEDTEXT" selection="false" index="0" /&gt;&lt;member name="Value" source="FORMATTEDTEXT" type="System.Object" value="FORMATTEDTEXT" field="FORMATTEDTEXT" selection="false" index="0" /&gt;&lt;/member&gt;&lt;/param&gt;&lt;/parameters&gt;</paramsmappingxmltag></dotnetactivity></dotnet><webservice /><activityinfo><useadvworkflowrules>0</useadvworkflowrules><seqactivityassignment>0</seqactivityassignment><concuractivityaccess>0</concuractivityaccess><noofusableresourcesreq>0</noofusableresourcesreq><exitcondition></exitcondition><expandgroups>0</expandgroups><noofusableresourcesreqvarid /></activityinfo><categoryid>2278FC5DACAA4553B7C22F31F86B8194</categoryid><poolid>0</poolid><activityruntimesettings>0</activityruntimesettings><activityragamberthreshold>0</activityragamberthreshold><activityragredthreshold>0</activityragredthreshold><activityragblackthreshold>0</activityragblackthreshold><activityragpurplethreshold>0</activityragpurplethreshold><form /><xmldata /><dataaccess /><getresourceinfo /><jobvariableinfo /><baminfo /><bpescalations /><preconditionslist /><startmethod>Method1</startmethod><classnamespace>MyNamespace.Class1</classnamespace><resetlimit>-1</resetlimit><activitytimedoutaction>0</activitytimedoutaction><suspendreasontext></suspendreasontext><suspendreasonvarid></suspendreasonvarid></activitydata></node><node><nodetype>1</nodetype><nodedata><processid>6826A434910649F58F03B3CB3BB9108B</processid><version>11.000000</version><nodeid>2</nodeid><isstartnode>0</isstartnode><nodetype>1</nodetype><designtimetype>10</designtimetype><activationprobability>100</activationprobability><embeddedname></embeddedname><state /><statescope>0</statescope><activitymilestone></activitymilestone><activitymilestonescope>0</activitymilestonescope><activitypendmilestone></activitypendmilestone><activitypendmilestonescope>0</activitypendmilestonescope><activitydonemilestone></activitydonemilestone><activitydonemilestonescope>0</activitydonemilestonescope><nodependevent /><nodependeventscope>0</nodependeventscope><nodedoneevent /><nodedoneeventscope>0</nodedoneeventscope><titleposno>5</titleposno><embeddedproccount>0</embeddedproccount><iscustomnode>0</iscustomnode><designtimesettings>&lt;designtimesettings&gt;&lt;xposition&gt;544&lt;/xposition&gt;&lt;yposition&gt;136&lt;/yposition&gt;&lt;width&gt;90&lt;/width&gt;&lt;height&gt;60&lt;/height&gt;&lt;inheritcolorfromsystem&gt;False&lt;/inheritcolorfromsystem&gt;&lt;colour&gt;#FF0000FF&lt;/colour&gt;&lt;textposition&gt;Centre&lt;/textposition&gt;&lt;lane&gt;&lt;name&gt;Lane1&lt;/name&gt;&lt;index&gt;0&lt;/index&gt;&lt;poolid&gt;D1D180B2C0F64921953228185A9B6E1D&lt;/poolid&gt;&lt;height&gt;669.8&lt;/height&gt;&lt;/lane&gt;&lt;annotations /&gt;&lt;attachments /&gt;&lt;resourcenotes /&gt;&lt;/designtimesettings&gt;</designtimesettings><attachments></attachments><annotations></annotations><dependants /><destinationnodes><destinationnode><nodeid>3</nodeid><nodetype>6</nodetype></destinationnode></destinationnodes><originnodes><originnode><nodeid>4</nodeid><nodetype>1</nodetype></originnode></originnodes><branchingrules /><runtimesettings>0</runtimesettings></nodedata><activitydata><inputvariables><inputvariable><varid>SPP_SYSTEM_SESSION_ID</varid></inputvariable><inputvariable><varid>FORMATTEDTEXT</varid></inputvariable><inputvariable><varid>FORMATTERNAME</varid></inputvariable><inputvariable><varid>ERRORMESSAGE</varid></inputvariable><inputvariable><varid>ISVALID</varid></inputvariable></inputvariables><outputvariables /><requiredresources /><usableresources /><dynamicresourcesdata><overwriteusableresources>0</overwriteusableresources><dynamicresourcesvariables /></dynamicresourcesdata><targettime>0</targettime><delaytime>0</delaytime><expectedcost>0.000000</expectedcost><securitylevel>10</securitylevel><skilllevel>10</skilllevel><useprevioususer>0</useprevioususer><tasktype>7</tasktype><priority>1</priority><automatic>1</automatic><trackstorejvh>0</trackstorejvh><usesameasprevious>0</usesameasprevious><taskid>0</taskid><usesameasprevioustype>0</usesameasprevioustype><fixedcost>0.000000</fixedcost><taskname>Format Date</taskname><resourceid /><createdby>DF7F437D7D5A4844B9741A3C87D7F6F8</createdby><purpose></purpose><description></description><script>using System;using System.Globalization;using Agility.Server.Scripting.ScriptAssembly;namespace MyNamespace{    public class Class1    {        public Class1()        {        }        [StartMethodAttribute()]        public void Method1(ScriptParameters sp)        {            // get input parameters             string sFreightTotal = sp.InputVariables[&amp;quot;FREIGHTTOTAL&amp;quot;].ToString();            string sDiscountTotal = sp.InputVariables[&amp;quot;DISCOUNTTOTAL&amp;quot;].ToString();            string sTotal = sp.InputVariables[&amp;quot;TOTAL&amp;quot;].ToString();            string sGSTTotal  =  sp.InputVariables[&amp;quot;GSTTOTAL&amp;quot;].ToString();                double dblFreightTotal = 0;            double dblDiscountTotal = 0;            double dblSubTotal = 0;            double dblGSTTotal = 0;            double dblTotal = 0;            double sngGSTRate = 0.10;            if (double.TryParse(sFreightTotal, out dblFreightTotal))            {            }            if (double.TryParse(sDiscountTotal, out dblDiscountTotal))            {            }            if (double.TryParse(sTotal, out dblTotal))            {            }            if (double.TryParse(sGSTTotal , out dblGSTTotal))            {                //dblSubTotal = dblTotal - dblFreightTotal + dblDiscountTotal - dblGSTTotal  ;              dblSubTotal = dblTotal - dblGSTTotal  ;              //  dblGSTTotal = dblSubTotal * sngGSTRate;              //  dblTotal = dblSubTotal + dblGSTTotal;            }            // output value             sp.OutputVariables[&amp;quot;SUBTOTALSTR&amp;quot;] = string.Format(&amp;quot;{0:0.00}&amp;quot;, dblSubTotal );       //     sp.OutputVariables[&amp;quot;TOTAL&amp;quot;] = string.Format(&amp;quot;{0:0.00}&amp;quot;, dblTotal);         }    }}</script><processid /><creationdate>2021-12-17T13:25:50.61026</creationdate><transactionalinfo /><createnewjobinfo><cnjprocessid></cnjprocessid><initparams></initparams><outputs></outputs><varid></varid><jobtype>0</jobtype><reftype>0</reftype></createnewjobinfo><scriptprogid>CSHARP</scriptprogid><preloadscript>1</preloadscript><assocfile></assocfile><designinfo /><sleepinfo>0</sleepinfo><jobowneridinfo></jobowneridinfo><jobownervaridinfo></jobownervaridinfo><negativelagtime>0</negativelagtime><dynduedate>0</dynduedate><dynduedatevar /><dyntargetdurationvar /><sendemail>0</sendemail><emailto>0</emailto><subjecttext></subjecttext><subjectvar></subjectvar><contenttext></contenttext><contentvar></contentvar><urltext></urltext><urlvar></urlvar><appendassocfile>0</appendassocfile><dotnet><dotnetactivity><assemblyid>TotalAgility.Sdk.dll</assemblyid><assemblyloadtype>0</assemblyloadtype><assemblyname>TotalAgility.Sdk.dll</assemblyname><classname>TotalAgility.Sdk.CaptureDocumentService</classname><methodname>FormatField</methodname><duplicatemethodno>1</duplicatemethodno><noofparams>0</noofparams><paramsmappingxmltag>&lt;parameters&gt;&lt;param direction="in" source="SPP_SYSTEM_SESSION_ID" field="SPP_SYSTEM_SESSION_ID" datatype="System.String" value="SPP_SYSTEM_SESSION_ID" name="sessionId" selection="false" /&gt;&lt;param direction="in" source="FORMATTEDTEXT" field="FORMATTEDTEXT" datatype="System.String" value="FORMATTEDTEXT" name="value" selection="false" /&gt;&lt;param direction="in" source="" field="" datatype="Agility.Sdk.Model.Capture.Formatting.FormatterIdentity" value="" name="formatterIdentity" selection="false"&gt;&lt;member name="Name" source="FORMATTERNAME" type="System.String" value="FORMATTERNAME" field="FORMATTERNAME" selection="false" index="0" /&gt;&lt;/param&gt;&lt;param direction="ret" source="" field="" datatype="Agility.Sdk.Model.Capture.Formatting.FormattingResult" value="" name="Return Parameter" selection="false"&gt;&lt;member name="ErrorMessage" source="ERRORMESSAGE" type="System.String" value="ERRORMESSAGE" field="ERRORMESSAGE" selection="false" index="0" /&gt;&lt;member name="IsValid" source="ISVALID" type="System.Boolean" value="ISVALID" field="ISVALID" selection="false" index="0" /&gt;&lt;member name="FormattedText" source="FORMATTEDTEXT" type="System.String" value="FORMATTEDTEXT" field="FORMATTEDTEXT" selection="false" index="0" /&gt;&lt;/param&gt;&lt;/parameters&gt;</paramsmappingxmltag></dotnetactivity></dotnet><webservice /><activityinfo><useadvworkflowrules>0</useadvworkflowrules><seqactivityassignment>0</seqactivityassignment><concuractivityaccess>0</concuractivityaccess><noofusableresourcesreq>0</noofusableresourcesreq><exitcondition></exitcondition><expandgroups>0</expandgroups><noofusableresourcesreqvarid /></activityinfo><categoryid>2278FC5DACAA4553B7C22F31F86B8194</categoryid><poolid>0</poolid><activityruntimesettings>0</activityruntimesettings><activityragamberthreshold>0</activityragamberthreshold><activityragredthreshold>0</activityragredthreshold><activityragblackthreshold>0</activityragblackthreshold><activityragpurplethreshold>0</activityragpurplethreshold><form /><xmldata /><dataaccess /><getresourceinfo /><jobvariableinfo /><baminfo /><bpescalations /><preconditionslist /><startmethod>Method1</startmethod><classnamespace>MyNamespace.Class1</classnamespace><resetlimit>-1</resetlimit><activitytimedoutaction>0</activitytimedoutaction><suspendreasontext></suspendreasontext><suspendreasonvarid></suspendreasonvarid></activitydata></node><node><nodetype>6</nodetype><nodedata><processid>6826A434910649F58F03B3CB3BB9108B</processid><version>11.000000</version><nodeid>3</nodeid><isstartnode>0</isstartnode><nodetype>6</nodetype><designtimetype>0</designtimetype><activationprobability>100</activationprobability><embeddedname></embeddedname><state /><statescope>0</statescope><activitymilestone /><activitymilestonescope>0</activitymilestonescope><activitypendmilestone></activitypendmilestone><activitypendmilestonescope>0</activitypendmilestonescope><activitydonemilestone></activitydonemilestone><activitydonemilestonescope>0</activitydonemilestonescope><nodependevent /><nodependeventscope>0</nodependeventscope><nodedoneevent /><nodedoneeventscope>0</nodedoneeventscope><titleposno>5</titleposno><embeddedproccount>0</embeddedproccount><iscustomnode>0</iscustomnode><designtimesettings>&lt;designtimesettings&gt;&lt;xposition&gt;544&lt;/xposition&gt;&lt;yposition&gt;50&lt;/yposition&gt;&lt;width&gt;30&lt;/width&gt;&lt;height&gt;30&lt;/height&gt;&lt;inheritcolorfromsystem&gt;False&lt;/inheritcolorfromsystem&gt;&lt;colour&gt;#FF9B0000&lt;/colour&gt;&lt;eventtype&gt;Default&lt;/eventtype&gt;&lt;name&gt;End&lt;/name&gt;&lt;textposition&gt;CentreRight&lt;/textposition&gt;&lt;lane&gt;&lt;name&gt;Lane1&lt;/name&gt;&lt;index&gt;0&lt;/index&gt;&lt;poolid&gt;D1D180B2C0F64921953228185A9B6E1D&lt;/poolid&gt;&lt;height&gt;669.8&lt;/height&gt;&lt;/lane&gt;&lt;annotations /&gt;&lt;attachments /&gt;&lt;/designtimesettings&gt;</designtimesettings><attachments></attachments><annotations></annotations><dependants /><destinationnodes /><originnodes><originnode><nodeid>2</nodeid><nodetype>6</nodetype></originnode><originnode><nodeid>4</nodeid><nodetype>6</nodetype></originnode></originnodes><branchingrules /><runtimesettings>0</runtimesettings></nodedata></node><node><nodetype>2</nodetype><nodedata><processid>6826A434910649F58F03B3CB3BB9108B</processid><version>11.000000</version><nodeid>4</nodeid><isstartnode>0</isstartnode><nodetype>2</nodetype><designtimetype>0</designtimetype><activationprobability>100</activationprobability><embeddedname></embeddedname><state /><statescope>0</statescope><activitymilestone /><activitymilestonescope>0</activitymilestonescope><activitypendmilestone></activitypendmilestone><activitypendmilestonescope>0</activitypendmilestonescope><activitydonemilestone></activitydonemilestone><activitydonemilestonescope>0</activitydonemilestonescope><nodependevent /><nodependeventscope>0</nodependeventscope><nodedoneevent /><nodedoneeventscope>0</nodedoneeventscope><titleposno>5</titleposno><embeddedproccount>0</embeddedproccount><iscustomnode>0</iscustomnode><designtimesettings>&lt;designtimesettings&gt;&lt;xposition&gt;428&lt;/xposition&gt;&lt;yposition&gt;93&lt;/yposition&gt;&lt;width&gt;60&lt;/width&gt;&lt;height&gt;60&lt;/height&gt;&lt;inheritcolorfromsystem&gt;False&lt;/inheritcolorfromsystem&gt;&lt;colour&gt;#FFD5DC43&lt;/colour&gt;&lt;textposition&gt;Top&lt;/textposition&gt;&lt;lane&gt;&lt;name&gt;Lane1&lt;/name&gt;&lt;index&gt;0&lt;/index&gt;&lt;poolid&gt;D1D180B2C0F64921953228185A9B6E1D&lt;/poolid&gt;&lt;height&gt;669.8&lt;/height&gt;&lt;/lane&gt;&lt;annotations /&gt;&lt;attachments /&gt;&lt;/designtimesettings&gt;</designtimesettings><attachments></attachments><annotations></annotations><dependants /><destinationnodes><destinationnode><nodeid>2</nodeid><nodetype>1</nodetype></destinationnode><destinationnode><nodeid>3</nodeid><nodetype>6</nodetype></destinationnode></destinationnodes><originnodes><originnode><nodeid>5</nodeid><nodetype>2</nodetype></originnode></originnodes><branchingrules /><runtimesettings>0</runtimesettings></nodedata><decisiondata><decisionname>Valid Date?</decisionname><description></description><decisiontext>&lt;Rule xmlns:xsd="http://www.w3.org/2001/XMLSchema" xmlns:xsi="http://www.w3.org/2001/XMLSchema-instance"&gt;&lt;RuleInputs&gt;&lt;RuleInput&gt;&lt;Id&gt;DATEISVALID&lt;/Id&gt;&lt;Scope&gt;None&lt;/Scope&gt;&lt;VariableType&gt;Empty&lt;/VariableType&gt;&lt;/RuleInput&gt;&lt;/RuleInputs&gt;&lt;Script&gt; ¬DATEISVALID¬&lt;/Script&gt;&lt;RuleType&gt;Decision&lt;/RuleType&gt;&lt;/Rule&gt;</decisiontext><trueid>2</trueid><trackstorejvh>0</trackstorejvh><casesensetive>1</casesensetive><inputvariables><inputvariable><varid>DATEISVALID</varid></inputvariable></inputvariables></decisiondata></node><node><nodetype>1</nodetype><nodedata><processid>6826A434910649F58F03B3CB3BB9108B</processid><version>11.000000</version><nodeid>5</nodeid><isstartnode>0</isstartnode><nodetype>1</nodetype><designtimetype>10</designtimetype><activationprobability>100</activationprobability><embeddedname></embeddedname><state /><statescope>0</statescope><activitymilestone></activitymilestone><activitymilestonescope>0</activitymilestonescope><activitypendmilestone></activitypendmilestone><activitypendmilestonescope>0</activitypendmilestonescope><activitydonemilestone></activitydonemilestone><activitydonemilestonescope>0</activitydonemilestonescope><nodependevent /><nodependeventscope>0</nodependeventscope><nodedoneevent /><nodedoneeventscope>0</nodedoneeventscope><titleposno>5</titleposno><embeddedproccount>0</embeddedproccount><iscustomnode>0</iscustomnode><designtimesettings>&lt;designtimesettings&gt;&lt;xposition&gt;282&lt;/xposition&gt;&lt;yposition&gt;93&lt;/yposition&gt;&lt;width&gt;90&lt;/width&gt;&lt;height&gt;60&lt;/height&gt;&lt;inheritcolorfromsystem&gt;False&lt;/inheritcolorfromsystem&gt;&lt;colour&gt;#FF0000FF&lt;/colour&gt;&lt;textposition&gt;Centre&lt;/textposition&gt;&lt;lane&gt;&lt;name&gt;Lane1&lt;/name&gt;&lt;index&gt;0&lt;/index&gt;&lt;poolid&gt;D1D180B2C0F64921953228185A9B6E1D&lt;/poolid&gt;&lt;height&gt;669.8&lt;/height&gt;&lt;/lane&gt;&lt;annotations /&gt;&lt;attachments /&gt;&lt;resourcenotes /&gt;&lt;/designtimesettings&gt;</designtimesettings><attachments></attachments><annotations></annotations><dependants /><destinationnodes><destinationnode><nodeid>4</nodeid><nodetype>2</nodetype></destinationnode></destinationnodes><originnodes><originnode><nodeid>1</nodeid><nodetype>1</nodetype></originnode></originnodes><branchingrules /><runtimesettings>0</runtimesettings></nodedata><activitydata><inputvariables><inputvariable><varid>FORMATTEDTEXT</varid></inputvariable><inputvariable><varid>DATEDELIMITER</varid></inputvariable><inputvariable><varid>DATEISVALID</varid></inputvariable></inputvariables><outputvariables /><requiredresources /><usableresources /><dynamicresourcesdata><overwriteusableresources>0</overwriteusableresources><dynamicresourcesvariables /></dynamicresourcesdata><targettime>0</targettime><delaytime>0</delaytime><expectedcost>0.000000</expectedcost><securitylevel>10</securitylevel><skilllevel>10</skilllevel><useprevioususer>0</useprevioususer><tasktype>7</tasktype><priority>1</priority><automatic>1</automatic><trackstorejvh>0</trackstorejvh><usesameasprevious>0</usesameasprevious><taskid>0</taskid><usesameasprevioustype>0</usesameasprevioustype><fixedcost>0.000000</fixedcost><taskname>Valid Date</taskname><resourceid /><createdby>DF7F437D7D5A4844B9741A3C87D7F6F8</createdby><purpose></purpose><description></description><script>using System;using System.Globalization;using Agility.Server.Scripting.ScriptAssembly;namespace MyNamespace{    public class Class1    {        public Class1()        {        }        [StartMethodAttribute()]        public void Method1(ScriptParameters sp)        {            // get input parameters             string sFreightTotal = sp.InputVariables[&amp;quot;FREIGHTTOTAL&amp;quot;].ToString();            string sDiscountTotal = sp.InputVariables[&amp;quot;DISCOUNTTOTAL&amp;quot;].ToString();            string sTotal = sp.InputVariables[&amp;quot;TOTAL&amp;quot;].ToString();            string sGSTTotal  =  sp.InputVariables[&amp;quot;GSTTOTAL&amp;quot;].ToString();                double dblFreightTotal = 0;            double dblDiscountTotal = 0;            double dblSubTotal = 0;            double dblGSTTotal = 0;            double dblTotal = 0;            double sngGSTRate = 0.10;            if (double.TryParse(sFreightTotal, out dblFreightTotal))            {            }            if (double.TryParse(sDiscountTotal, out dblDiscountTotal))            {            }            if (double.TryParse(sTotal, out dblTotal))            {            }            if (double.TryParse(sGSTTotal , out dblGSTTotal))            {                //dblSubTotal = dblTotal - dblFreightTotal + dblDiscountTotal - dblGSTTotal  ;              dblSubTotal = dblTotal - dblGSTTotal  ;              //  dblGSTTotal = dblSubTotal * sngGSTRate;              //  dblTotal = dblSubTotal + dblGSTTotal;            }            // output value             sp.OutputVariables[&amp;quot;SUBTOTALSTR&amp;quot;] = string.Format(&amp;quot;{0:0.00}&amp;quot;, dblSubTotal );       //     sp.OutputVariables[&amp;quot;TOTAL&amp;quot;] = string.Format(&amp;quot;{0:0.00}&amp;quot;, dblTotal);         }    }}</script><processid /><creationdate>2021-12-17T13:25:50.63626</creationdate><transactionalinfo /><createnewjobinfo><cnjprocessid></cnjprocessid><initparams></initparams><outputs></outputs><varid></varid><jobtype>0</jobtype><reftype>0</reftype></createnewjobinfo><scriptprogid>CSHARP</scriptprogid><preloadscript>1</preloadscript><assocfile></assocfile><designinfo /><sleepinfo>0</sleepinfo><jobowneridinfo></jobowneridinfo><jobownervaridinfo></jobownervaridinfo><negativelagtime>0</negativelagtime><dynduedate>0</dynduedate><dynduedatevar /><dyntargetdurationvar /><sendemail>0</sendemail><emailto>0</emailto><subjecttext></subjecttext><subjectvar></subjectvar><contenttext></contenttext><contentvar></contentvar><urltext></urltext><urlvar></urlvar><appendassocfile>0</appendassocfile><dotnet><dotnetactivity><assemblyid>Kofax.TotalAgility.InvoiceProcessing.dll</assemblyid><assemblyloadtype>3</assemblyloadtype><assemblyname>Kofax.TotalAgility.InvoiceProcessing.dll</assemblyname><classname>Kofax.TotalAgility.InvoiceProcessing.HelperLibrary</classname><methodname>IsValidDate</methodname><duplicatemethodno>1</duplicatemethodno><noofparams>0</noofparams><paramsmappingxmltag>&lt;parameters&gt;&lt;param direction="in" source="FORMATTEDTEXT" field="FORMATTEDTEXT" datatype="System.String" value="FORMATTEDTEXT" name="FieldText" selection="false" /&gt;&lt;param direction="in" source="DATEDELIMITER" field="DATEDELIMITER" datatype="System.String" value="DATEDELIMITER" name="Delimiter" selection="false" /&gt;&lt;param direction="ret" source="DATEISVALID" field="DATEISVALID" datatype="System.Boolean" value="DATEISVALID" name="Return Parameter" selection="false" /&gt;&lt;/parameters&gt;</paramsmappingxmltag></dotnetactivity></dotnet><webservice /><activityinfo><useadvworkflowrules>0</useadvworkflowrules><seqactivityassignment>0</seqactivityassignment><concuractivityaccess>0</concuractivityaccess><noofusableresourcesreq>0</noofusableresourcesreq><exitcondition></exitcondition><expandgroups>0</expandgroups><noofusableresourcesreqvarid /></activityinfo><categoryid>2278FC5DACAA4553B7C22F31F86B8194</categoryid><poolid>0</poolid><activityruntimesettings>0</activityruntimesettings><activityragamberthreshold>0</activityragamberthreshold><activityragredthreshold>0</activityragredthreshold><activityragblackthreshold>0</activityragblackthreshold><activityragpurplethreshold>0</activityragpurplethreshold><form /><xmldata /><dataaccess /><getresourceinfo /><jobvariableinfo /><baminfo /><bpescalations /><preconditionslist /><startmethod>Method1</startmethod><classnamespace>MyNamespace.Class1</classnamespace><resetlimit>-1</resetlimit><activitytimedoutaction>0</activitytimedoutaction><suspendreasontext></suspendreasontext><suspendreasonvarid></suspendreasonvarid></activitydata></node></nodelist><documentprocessrulecollection /></processmap></processmaps>