<processmaps xmlns:dt="urn:schemas-microsoft-com:datatypes" dbversion="7.900000" parentprocessmapversion="6.000000" parentprocessmapid="7ADF133F89E24D6AB6070B460EE56B2C"><businessrules></businessrules><webservices></webservices><projectlist /><processmap><procdata><mapid>7ADF133F89E24D6AB6070B460EE56B2C</mapid><mapname>BR_SetDocumentType</mapname><mapauthor>Unknown</mapauthor><mapauthorid>B42D78B8B8544DAAAE10D92A0BD73C89</mapauthorid><maptrackstorejvh>0</maptrackstorejvh><helptext></helptext><lastmodified>9B95EBF369AC41C1983BB8F97DD056D4</lastmodified><allocationalgorithm>0</allocationalgorithm><arrowstyle>0</arrowstyle><arrowweighting>0</arrowweighting><designtimesettings>&lt;designtimesettings&gt;&lt;annotations /&gt;&lt;attachments /&gt;&lt;collaborationnodes /&gt;&lt;groupartifacts /&gt;&lt;pools&gt;&lt;pool&gt;&lt;xposition&gt;25&lt;/xposition&gt;&lt;yposition&gt;25&lt;/yposition&gt;&lt;width&gt;1650&lt;/width&gt;&lt;height&gt;770.1&lt;/height&gt;&lt;name&gt;New Business Rule&lt;/name&gt;&lt;id&gt;0FCB960858EB463F87DD554F46EC3143&lt;/id&gt;&lt;type&gt;0&lt;/type&gt;&lt;lanes&gt;&lt;lane&gt;&lt;name&gt;Lane1&lt;/name&gt;&lt;index&gt;0&lt;/index&gt;&lt;poolid&gt;0FCB960858EB463F87DD554F46EC3143&lt;/poolid&gt;&lt;height&gt;770.1&lt;/height&gt;&lt;/lane&gt;&lt;/lanes&gt;&lt;/pool&gt;&lt;/pools&gt;&lt;messageflows /&gt;&lt;layoutdirection&gt;Horizontal&lt;/layoutdirection&gt;&lt;layouttype&gt;ProcessTree&lt;/layouttype&gt;&lt;zoomfactor&gt;100&lt;/zoomfactor&gt;&lt;viewactivitycost&gt;False&lt;/viewactivitycost&gt;&lt;viewactivityduration&gt;False&lt;/viewactivityduration&gt;&lt;viewactivityresources&gt;False&lt;/viewactivityresources&gt;&lt;viewgroups&gt;False&lt;/viewgroups&gt;&lt;viewpools&gt;False&lt;/viewpools&gt;&lt;compatiblewithallcasedefversions&gt;0&lt;/compatiblewithallcasedefversions&gt;&lt;startnodes&gt;&lt;startnode&gt;&lt;designtimesettings&gt;&lt;xposition&gt;45&lt;/xposition&gt;&lt;yposition&gt;473.5&lt;/yposition&gt;&lt;width&gt;30&lt;/width&gt;&lt;height&gt;30&lt;/height&gt;&lt;inheritcolorfromsystem&gt;False&lt;/inheritcolorfromsystem&gt;&lt;colour&gt;#FF62A716&lt;/colour&gt;&lt;eventtype&gt;Default&lt;/eventtype&gt;&lt;name&gt;Start&lt;/name&gt;&lt;textposition&gt;CentreRight&lt;/textposition&gt;&lt;lane&gt;&lt;name&gt;Lane1&lt;/name&gt;&lt;index&gt;0&lt;/index&gt;&lt;poolid&gt;0FCB960858EB463F87DD554F46EC3143&lt;/poolid&gt;&lt;height&gt;770.1&lt;/height&gt;&lt;/lane&gt;&lt;annotations /&gt;&lt;attachments /&gt;&lt;/designtimesettings&gt;&lt;/startnode&gt;&lt;/startnodes&gt;&lt;redraw&gt;False&lt;/redraw&gt;&lt;/designtimesettings&gt;</designtimesettings><attachments></attachments><annotations></annotations><formsections></formsections><form></form><categoryid>2278FC5DACAA4553B7C22F31F86B8194</categoryid><targetdays>0</targetdays><targethours>0</targethours><targetmins>0</targetmins><targetsecs>0</targetsecs><priority>1</priority><transactional>0</transactional><backgroundcolour>0</backgroundcolour><version>6.000000</version><cost>0.000000</cost><creationdate>2021-02-15T13:59:59</creationdate><changedate>2021-11-26T13:45:10</changedate><description></description><status>2</status><newmap>0</newmap><archivefinishedjobs>0</archivefinishedjobs><straightthrough>1</straightthrough><poolid>0</poolid><dynexpfinishtimevar></dynexpfinishtimevar><mapmilestonesrvstdtag /><mapmilestonescopetag>0</mapmilestonescopetag><mapmilestonetag /><dynamicbudget></dynamicbudget><budget>0.000000</budget><processtype>5</processtype><processtypestring>BusinessRule</processtypestring><associatedcaseid></associatedcaseid><associatedcase></associatedcase><latestcaseversion>0.000000</latestcaseversion><prefixvariable>0</prefixvariable><completioneventmapid></completioneventmapid><completioneventmapname></completioneventmapname><assocjobsoncompletion>0</assocjobsoncompletion><sendemail>0</sendemail><emailto>0</emailto><subjecttext></subjecttext><subjectvar></subjectvar><contenttext></contenttext><contentvar></contentvar><urltext></urltext><urlvar></urlvar><appendassocfile>0</appendassocfile><initialisationvariables><initialisationvariable><varname>VENDORID</varname></initialisationvariable></initialisationvariables><outputvariables><outputvariable><varid>DOCUMENTTYPE</varid></outputvariable></outputvariables><maintenanceaccess><resource><resourcetype>3</resourcetype><resourcename>Everyone</resourcename><resourceid>7DF43CCDF24611D2804B00104B71BD15</resourceid><serverid>D2E7F6CEDCD95B4B8CCBD741C4297B24</serverid><unavailability>Default</unavailability><accesstype>0</accesstype><seqassignorder>0</seqassignorder><excluded>0</excluded></resource></maintenanceaccess><creationaccess><resource><resourcetype>3</resourcetype><resourcename>Everyone</resourcename><resourceid>7DF43CCDF24611D2804B00104B71BD15</resourceid><serverid>D2E7F6CEDCD95B4B8CCBD741C4297B24</serverid><unavailability>Default</unavailability><accesstype>0</accesstype><seqassignorder>0</seqassignorder><excluded>0</excluded></resource></creationaccess><suspendaccess><resource><resourcetype>3</resourcetype><resourcename>Everyone</resourcename><resourceid>7DF43CCDF24611D2804B00104B71BD15</resourceid><serverid>D2E7F6CEDCD95B4B8CCBD741C4297B24</serverid><unavailability>Default</unavailability><accesstype>0</accesstype><seqassignorder>0</seqassignorder><excluded>0</excluded></resource></suspendaccess><terminateaccess><resource><resourcetype>3</resourcetype><resourcename>Everyone</resourcename><resourceid>7DF43CCDF24611D2804B00104B71BD15</resourceid><serverid>D2E7F6CEDCD95B4B8CCBD741C4297B24</serverid><unavailability>Default</unavailability><accesstype>0</accesstype><seqassignorder>0</seqassignorder><excluded>0</excluded></resource></terminateaccess><restartaccess><resource><resourcetype>3</resourcetype><resourcename>Everyone</resourcename><resourceid>7DF43CCDF24611D2804B00104B71BD15</resourceid><serverid>D2E7F6CEDCD95B4B8CCBD741C4297B24</serverid><unavailability>Default</unavailability><accesstype>0</accesstype><seqassignorder>0</seqassignorder><excluded>0</excluded></resource></restartaccess><holdaccess><resource><resourcetype>3</resourcetype><resourcename>Everyone</resourcename><resourceid>7DF43CCDF24611D2804B00104B71BD15</resourceid><serverid>D2E7F6CEDCD95B4B8CCBD741C4297B24</serverid><unavailability>Default</unavailability><accesstype>0</accesstype><seqassignorder>0</seqassignorder><excluded>0</excluded></resource></holdaccess><customiseaccess /><jobdetailviewaccess><resource><resourcetype>3</resourcetype><resourcename>Everyone</resourcename><resourceid>7DF43CCDF24611D2804B00104B71BD15</resourceid><serverid>D2E7F6CEDCD95B4B8CCBD741C4297B24</serverid><unavailability>Default</unavailability><accesstype>0</accesstype><seqassignorder>0</seqassignorder><excluded>0</excluded></resource></jobdetailviewaccess><scanvrsprofileaccess><resource><resourcetype>3</resourcetype><resourcename>Everyone</resourcename><resourceid>7DF43CCDF24611D2804B00104B71BD15</resourceid><serverid>D2E7F6CEDCD95B4B8CCBD741C4297B24</serverid><unavailability>Default</unavailability><accesstype>0</accesstype><seqassignorder>0</seqassignorder><excluded>0</excluded></resource></scanvrsprofileaccess><separationprofileaccess><resource><resourcetype>3</resourcetype><resourcename>Everyone</resourcename><resourceid>7DF43CCDF24611D2804B00104B71BD15</resourceid><serverid>D2E7F6CEDCD95B4B8CCBD741C4297B24</serverid><unavailability>Default</unavailability><accesstype>0</accesstype><seqassignorder>0</seqassignorder><excluded>0</excluded></resource></separationprofileaccess><updatedocumentcontaineraccess><resource><resourcetype>3</resourcetype><resourcename>Everyone</resourcename><resourceid>7DF43CCDF24611D2804B00104B71BD15</resourceid><serverid>D2E7F6CEDCD95B4B8CCBD741C4297B24</serverid><unavailability>Default</unavailability><accesstype>0</accesstype><seqassignorder>0</seqassignorder><excluded>0</excluded></resource></updatedocumentcontaineraccess><editbusinessdataaccess /><defaultusableresources><resource><resourcetype>3</resourcetype><resourcename>Everyone</resourcename><resourceid>7DF43CCDF24611D2804B00104B71BD15</resourceid><serverid>D2E7F6CEDCD95B4B8CCBD741C4297B24</serverid><unavailability>Default</unavailability><accesstype>0</accesstype><seqassignorder>0</seqassignorder><excluded>0</excluded></resource></defaultusableresources><exceptions><exception><exceptioncode>EXP0004</exceptioncode><processmapid /><processmapname /><description>Invoked when the cost of job exceeds the expected value.</description><version>0.000000</version><serveronly>0</serveronly></exception><exception><exceptioncode>EXP0005</exceptioncode><processmapid /><processmapname /><description>Invoked when a job exceeds its expected duration.</description><version>0.000000</version><serveronly>0</serveronly></exception><exception><exceptioncode>EXP0006</exceptioncode><processmapid /><processmapname /><description>Invoked when an activity exceeds its expected duration.</description><version>0.000000</version><serveronly>0</serveronly></exception><exception><exceptioncode>EXP0009</exceptioncode><processmapid /><processmapname /><description>Invoked when a Script Object fails to execute automatically.</description><version>0.000000</version><serveronly>0</serveronly></exception><exception><exceptioncode>EXP0010</exceptioncode><processmapid /><processmapname /><description>Invoked when a process is stalled.</description><version>0.000000</version><serveronly>0</serveronly></exception><exception><exceptioncode>EXP0013</exceptioncode><processmapid /><processmapname /><description>Invoked when an activity crosses the due date.</description><version>0.000000</version><serveronly>0</serveronly></exception><exception><exceptioncode>EXP0017</exceptioncode><processmapid /><processmapname /><description>Invoked when synchronous processing fails.</description><version>0.000000</version><serveronly>0</serveronly></exception><exception><exceptioncode>EXP0018</exceptioncode><processmapid /><processmapname /><description>Invoked when no usable resource is assigned to an activity.</description><version>0.000000</version><serveronly>0</serveronly></exception><exception><exceptioncode>EXP0019</exceptioncode><processmapid /><processmapname /><description>Invoked when a .NET object fails to execute.</description><version>0.000000</version><serveronly>0</serveronly></exception><exception><exceptioncode>EXP0020</exceptioncode><processmapid /><processmapname /><description>Invoked when a Web Service object fails to execute.</description><version>0.000000</version><serveronly>0</serveronly></exception><exception><exceptioncode>EXP0022</exceptioncode><processmapid /><processmapname /><description>Invoked when a C# Script activity fails to execute when running automatically.</description><version>0.000000</version><serveronly>0</serveronly></exception><exception><exceptioncode>EXP0023</exceptioncode><processmapid /><processmapname /><description>Invoked when a VB .NET Script activity fails to execute.</description><version>0.000000</version><serveronly>0</serveronly></exception><exception><exceptioncode>EXP0025</exceptioncode><processmapid /><processmapname /><description>Invoked when a Data Access activity fails to execute.</description><version>0.000000</version><serveronly>0</serveronly></exception><exception><exceptioncode>EXP0036</exceptioncode><processmapid /><processmapname /><description>Invoked when the transfer of documents to another server fails to execute.</description><version>0.000000</version><serveronly>0</serveronly></exception><exception><exceptioncode>EXP0038</exceptioncode><processmapid /><processmapname /><description>Invoked when any automatic activity fails to execute.</description><version>0.000000</version><serveronly>0</serveronly></exception></exceptions><states /><milestones /><bpescalations /><mapvirtualfolders><virtualfolderstructure></virtualfolderstructure><indexdatacollection /><mapvirtualfolderstructure></mapvirtualfolderstructure></mapvirtualfolders><businessdatavariables /><serverid>D2E7F6CEDCD95B4B8CCBD741C4297B24</serverid><xmlexpressionlist /><ragstatus><amberthreshold>0</amberthreshold><redthreshold>0</redthreshold><blackthreshold>0</blackthreshold><purplethreshold>0</purplethreshold></ragstatus><casedefcomruntime_data /><archivetopi>0</archivetopi><runtime_settings>0</runtime_settings><process_owner_id></process_owner_id><score_rule /><map_valid_from /><map_valid_to /><captureenabled>0</captureenabled><iscaptureprocess>0</iscaptureprocess><reportingtag></reportingtag><settingsxml>&lt;?xml version="1.0" encoding="utf-16"?&gt;
&lt;BusinessProcessSettings xmlns:xsd="http://www.w3.org/2001/XMLSchema" xmlns:xsi="http://www.w3.org/2001/XMLSchema-instance"&gt;
  &lt;CaptureProcessSettings&gt;
    &lt;ClassificationGroup&gt;
      &lt;Id /&gt;
      &lt;AutomaticallyPopulate&gt;true&lt;/AutomaticallyPopulate&gt;
      &lt;Version&gt;0&lt;/Version&gt;
      &lt;Name /&gt;
    &lt;/ClassificationGroup&gt;
    &lt;ScanVrsProfiles&gt;
      &lt;ScanVrsProfileIdentity&gt;
        &lt;Id&gt;C525FA863EB74348961543C740ED00A0&lt;/Id&gt;
        &lt;Name&gt;Default&lt;/Name&gt;
      &lt;/ScanVrsProfileIdentity&gt;
    &lt;/ScanVrsProfiles&gt;
    &lt;SeparationProfile /&gt;
    &lt;DefaultScanVrsProfile&gt;
      &lt;Id&gt;C525FA863EB74348961543C740ED00A0&lt;/Id&gt;
      &lt;Name&gt;Default&lt;/Name&gt;
    &lt;/DefaultScanVrsProfile&gt;
    &lt;DocConversionProfiles /&gt;
    &lt;DefaultDocConversionProfile /&gt;
    &lt;SaveScannedImageAsPageRendition&gt;false&lt;/SaveScannedImageAsPageRendition&gt;
    &lt;PageRendition&gt;0&lt;/PageRendition&gt;
    &lt;PdfTextExtractionMode&gt;0&lt;/PdfTextExtractionMode&gt;
    &lt;AllowRotateReorderImportedImages&gt;true&lt;/AllowRotateReorderImportedImages&gt;
    &lt;AllowSplitMergeDeleteImportedDocument&gt;true&lt;/AllowSplitMergeDeleteImportedDocument&gt;
    &lt;PdfTextWordSeparationChars&gt;/:()-#&lt;/PdfTextWordSeparationChars&gt;
  &lt;/CaptureProcessSettings&gt;
  &lt;RetentionPolicySettings&gt;
    &lt;KeepForever&gt;true&lt;/KeepForever&gt;
    &lt;RetentionPolicyDuration&gt;
      &lt;Years&gt;1&lt;/Years&gt;
      &lt;Months&gt;0&lt;/Months&gt;
      &lt;Days&gt;0&lt;/Days&gt;
      &lt;Hours&gt;0&lt;/Hours&gt;
      &lt;Minutes&gt;0&lt;/Minutes&gt;
    &lt;/RetentionPolicyDuration&gt;
  &lt;/RetentionPolicySettings&gt;
  &lt;MaximumLoopCount&gt;0&lt;/MaximumLoopCount&gt;
  &lt;ShowSpecificOutputVariables&gt;false&lt;/ShowSpecificOutputVariables&gt;
  &lt;VariableDisplayPropertiesCollection /&gt;
&lt;/BusinessProcessSettings&gt;</settingsxml><associateddotnetreferences /><processnotes /><cnjformidentity><id /><name /></cnjformidentity><hasdocumentcontainer>0</hasdocumentcontainer></procdata><entitylist></entitylist><variableslist><variable><varname>DOCUMENTTYPE</varname><vartype>8</vartype><varvalue xml:space="preserve"></varvalue><dynamic>0</dynamic><used_in_skin>0</used_in_skin><entityid>4FEE4E069417475DAC5D2C2E5C95CA49</entityid><entityname>Default Data Grouping</entityname><vardisplayname>DocumentType</vardisplayname><variablemembers /></variable><variable><varname>ERRORMESSAGE</varname><vartype>8</vartype><varvalue xml:space="preserve"></varvalue><dynamic>0</dynamic><used_in_skin>0</used_in_skin><entityid>4FEE4E069417475DAC5D2C2E5C95CA49</entityid><entityname>Default Data Grouping</entityname><vardisplayname>ErrorMessage</vardisplayname><variablemembers /></variable><variable><varname>FIRSTCHARACTER</varname><vartype>8</vartype><varvalue xml:space="preserve"></varvalue><dynamic>0</dynamic><used_in_skin>0</used_in_skin><entityid>4FEE4E069417475DAC5D2C2E5C95CA49</entityid><entityname>Default Data Grouping</entityname><vardisplayname>FirstCharacter</vardisplayname><variablemembers /></variable><variable><varname>ISVALID</varname><vartype>11</vartype><varvalue>0</varvalue><dynamic>0</dynamic><used_in_skin>0</used_in_skin><entityid>4FEE4E069417475DAC5D2C2E5C95CA49</entityid><entityname>Default Data Grouping</entityname><vardisplayname>IsValid</vardisplayname><variablemembers /></variable><variable><varname>VENDORID</varname><vartype>8</vartype><varvalue xml:space="preserve"></varvalue><dynamic>0</dynamic><used_in_skin>0</used_in_skin><entityid>4FEE4E069417475DAC5D2C2E5C95CA49</entityid><entityname>Default Data Grouping</entityname><vardisplayname>Vendor ID</vardisplayname><variablemembers /></variable><variable><varname>VENDORIDEMPTY</varname><vartype>11</vartype><varvalue>0</varvalue><dynamic>0</dynamic><used_in_skin>0</used_in_skin><entityid>4FEE4E069417475DAC5D2C2E5C95CA49</entityid><entityname>Default Data Grouping</entityname><vardisplayname>VendorIDEmpty</vardisplayname><variablemembers /></variable></variableslist><roleslist /><processeventlist /><nodelist><node><nodetype>1</nodetype><nodedata><processid>7ADF133F89E24D6AB6070B460EE56B2C</processid><version>6.000000</version><nodeid>1</nodeid><isstartnode>1</isstartnode><nodetype>1</nodetype><designtimetype>33</designtimetype><activationprobability>100</activationprobability><embeddedname></embeddedname><state /><statescope>0</statescope><activitymilestone></activitymilestone><activitymilestonescope>0</activitymilestonescope><activitypendmilestone></activitypendmilestone><activitypendmilestonescope>0</activitypendmilestonescope><activitydonemilestone></activitydonemilestone><activitydonemilestonescope>0</activitydonemilestonescope><nodependevent /><nodependeventscope>0</nodependeventscope><nodedoneevent /><nodedoneeventscope>0</nodedoneeventscope><titleposno>5</titleposno><embeddedproccount>0</embeddedproccount><iscustomnode>0</iscustomnode><designtimesettings>&lt;designtimesettings&gt;&lt;xposition&gt;185&lt;/xposition&gt;&lt;yposition&gt;473.5&lt;/yposition&gt;&lt;width&gt;90&lt;/width&gt;&lt;height&gt;60&lt;/height&gt;&lt;inheritcolorfromsystem&gt;True&lt;/inheritcolorfromsystem&gt;&lt;colour&gt;#FFE3EDF3&lt;/colour&gt;&lt;textposition&gt;Centre&lt;/textposition&gt;&lt;lane&gt;&lt;name&gt;Lane1&lt;/name&gt;&lt;index&gt;0&lt;/index&gt;&lt;poolid&gt;0FCB960858EB463F87DD554F46EC3143&lt;/poolid&gt;&lt;height&gt;770.1&lt;/height&gt;&lt;/lane&gt;&lt;annotations /&gt;&lt;attachments /&gt;&lt;resourcenotes /&gt;&lt;/designtimesettings&gt;</designtimesettings><attachments></attachments><annotations></annotations><dependants /><destinationnodes><destinationnode><nodeid>2</nodeid><nodetype>2</nodetype></destinationnode></destinationnodes><originnodes /><branchingrules /><runtimesettings>0</runtimesettings></nodedata><activitydata><inputvariables><inputvariable><varid>SPP_SYSTEM_SESSION_ID</varid></inputvariable><inputvariable><varid>VENDORID</varid></inputvariable><inputvariable><varid>VENDORIDEMPTY</varid></inputvariable></inputvariables><outputvariables /><requiredresources /><usableresources /><dynamicresourcesdata><overwriteusableresources>0</overwriteusableresources><dynamicresourcesvariables /></dynamicresourcesdata><targettime>0</targettime><delaytime>0</delaytime><expectedcost>0.000000</expectedcost><securitylevel>10</securitylevel><skilllevel>10</skilllevel><useprevioususer>0</useprevioususer><tasktype>7</tasktype><priority>1</priority><automatic>1</automatic><trackstorejvh>0</trackstorejvh><usesameasprevious>0</usesameasprevious><taskid>0</taskid><usesameasprevioustype>0</usesameasprevioustype><fixedcost>0.000000</fixedcost><taskname>Get Length Vendor ID</taskname><resourceid /><createdby>B42D78B8B8544DAAAE10D92A0BD73C89</createdby><purpose></purpose><description></description><script>using System; 
using Agility.Server.Scripting.ScriptAssembly;
 
namespace MyNamespace
{
    
 public class Class1
 {
  public Class1() 
  {
  }
 
  [StartMethodAttribute()] 
  public void Method1(ScriptParameters sp) 
  {
	//			
	// TODO: Add start method code here
	//   string sFormattedText  = &amp;quot;&amp;quot;;   bool bIsValid = false;   string sFieldText = sp.InputVariables[&amp;quot;FIELDTEXT&amp;quot;].ToString();   string sFormatDelimiter = sp.InputVariables[&amp;quot;FormatDelimiter&amp;quot;].ToString();   if (!string.IsNullOrEmpty(sFieldText))   {      //2014-11-10T11:34:06.9013505+11:00      sFormattedText = string.Format(&amp;quot;{0}{1}{2}{3}{4}&amp;quot;, sFieldText.Substring(8, 2), sFormatDelimiter , sFieldText.Substring(5, 2), sFormatDelimiter, sFieldText.Substring(0, 4));     bIsValid = true;   }   // output value   sp.OutputVariables[&amp;quot;FORMATTEDTEXT&amp;quot;] = sFormattedText;             // output    sp.OutputVariables[&amp;quot;ISVALID&amp;quot;] = bIsValid;
  }
 }
}</script><processid /><creationdate>2021-12-17T13:26:04.74601</creationdate><transactionalinfo /><createnewjobinfo><cnjprocessid></cnjprocessid><initparams></initparams><outputs></outputs><varid></varid><jobtype>0</jobtype><reftype>0</reftype></createnewjobinfo><scriptprogid>CSHARP</scriptprogid><preloadscript>1</preloadscript><assocfile></assocfile><designinfo /><sleepinfo>0</sleepinfo><jobowneridinfo></jobowneridinfo><jobownervaridinfo></jobownervaridinfo><negativelagtime>0</negativelagtime><dynduedate>0</dynduedate><dynduedatevar /><dyntargetdurationvar /><sendemail>0</sendemail><emailto>0</emailto><subjecttext></subjecttext><subjectvar></subjectvar><contenttext></contenttext><contentvar></contentvar><urltext></urltext><urlvar></urlvar><appendassocfile>0</appendassocfile><dotnet><dotnetactivity><assemblyid>TotalAgility.Sdk.dll</assemblyid><assemblyloadtype>0</assemblyloadtype><assemblyname>TotalAgility.Sdk.dll</assemblyname><classname>TotalAgility.Sdk.ServerService</classname><methodname>ExecuteCalculationNode</methodname><duplicatemethodno>1</duplicatemethodno><noofparams>0</noofparams><paramsmappingxmltag>&lt;parameters&gt;&lt;param direction="in" source="SPP_SYSTEM_SESSION_ID" field="SPP_SYSTEM_SESSION_ID" datatype="System.String" value="SPP_SYSTEM_SESSION_ID" name="sessionId" selection="false" /&gt;&lt;param direction="in" datatype="Agility.Sdk.Model.Calculations.CalculationNode" name="CalculationNode" selection="false"&gt;&lt;member name="ProcessActivityIdentity" type="Agility.Sdk.Model.Activities.ProcessActivityIdentity" selection="false" index="0"&gt;&lt;member name="ProcessIdentity" type="Agility.Sdk.Model.Processes.ProcessIdentity" selection="false" index="0"&gt;&lt;member name="Id" source="inline" type="System.String" value="7ADF133F89E24D6AB6070B460EE56B2C" selection="false" index="0" /&gt;&lt;member name="Version" source="inline" type="System.Double" value="6" selection="false" index="0" /&gt;&lt;member name="Name" source="inline" type="System.String" value="BR_SetDocumentType" selection="false" index="0" /&gt;&lt;/member&gt;&lt;member name="NodeId" source="inline" type="System.Int16" value="1" selection="false" index="0" /&gt;&lt;member name="ActivityName" source="inline" type="System.String" value="Get Length Vendor ID" selection="false" index="0" /&gt;&lt;/member&gt;&lt;member name="InputVariables" type="Agility.Sdk.Model.Variables.InputVariable[]" selection="false" index="0"&gt;&lt;member type="Agility.Sdk.Model.Variables.InputVariable" selection="false" index="0"&gt;&lt;member name="Id" source="inline" type="System.String" value="SPP_SYSTEM_SESSION_ID" selection="false" index="0" /&gt;&lt;member name="Value" source="SPP_SYSTEM_SESSION_ID" type="System.Object" value="SPP_SYSTEM_SESSION_ID" field="SPP_SYSTEM_SESSION_ID" selection="false" index="0" /&gt;&lt;/member&gt;&lt;member type="Agility.Sdk.Model.Variables.InputVariable" selection="false" index="0"&gt;&lt;member name="Id" source="inline" type="System.String" value="VENDORID" selection="false" index="0" /&gt;&lt;member name="Value" source="VENDORID" type="System.Object" value="VENDORID" field="VENDORID" selection="false" index="0" /&gt;&lt;/member&gt;&lt;member type="Agility.Sdk.Model.Variables.InputVariable" selection="false" index="0"&gt;&lt;member name="Id" source="inline" type="System.String" value="VENDORIDEMPTY" selection="false" index="0" /&gt;&lt;member name="Value" source="VENDORIDEMPTY" type="System.Object" value="VENDORIDEMPTY" field="VENDORIDEMPTY" selection="false" index="0" /&gt;&lt;/member&gt;&lt;/member&gt;&lt;member name="CalculationScriptCollection" type="Agility.Sdk.Model.Calculations.CalculationScript[]" selection="false" index="0"&gt;&lt;member type="Agility.Sdk.Model.Calculations.CalculationScript" selection="false" index="0"&gt;&lt;member name="Script" source="inline" type="System.String" value="&amp;lt;?xml version=&amp;quot;1.0&amp;quot; encoding=&amp;quot;utf-16&amp;quot;?&amp;gt;&amp;lt;Rule xmlns:xsd=&amp;quot;http://www.w3.org/2001/XMLSchema&amp;quot; xmlns:xsi=&amp;quot;http://www.w3.org/2001/XMLSchema-instance&amp;quot;&amp;gt;&amp;lt;RuleInputs&amp;gt;&amp;lt;RuleInput&amp;gt;&amp;lt;Id&amp;gt;VENDORID&amp;lt;/Id&amp;gt;&amp;lt;Scope&amp;gt;None&amp;lt;/Scope&amp;gt;&amp;lt;VariableType&amp;gt;Empty&amp;lt;/VariableType&amp;gt;&amp;lt;/RuleInput&amp;gt;&amp;lt;/RuleInputs&amp;gt;&amp;lt;Script&amp;gt; Length( Trim( ¬VENDORID¬)) = 0&amp;lt;/Script&amp;gt;&amp;lt;RuleType&amp;gt;Expression&amp;lt;/RuleType&amp;gt;&amp;lt;/Rule&amp;gt;" selection="false" index="0" /&gt;&lt;member name="Description" source="inline" type="System.String" value="" selection="false" index="0" /&gt;&lt;member name="TargetVariable" type="Agility.Sdk.Model.Variables.OutputVariable" selection="false" index="0"&gt;&lt;member name="Id" source="inline" type="System.String" value="VENDORIDEMPTY" selection="false" index="0" /&gt;&lt;member name="Value" source="VENDORIDEMPTY" type="System.Object" value="VENDORIDEMPTY" field="VENDORIDEMPTY" selection="false" index="0" /&gt;&lt;/member&gt;&lt;member name="UseBusinessCalendar" source="inline" type="System.Boolean" value="False" selection="false" index="0" /&gt;&lt;/member&gt;&lt;/member&gt;&lt;/param&gt;&lt;param direction="ret" datatype="Agility.Sdk.Model.Variables.OutputVariable[]" name="Return Parameter" selection="false"&gt;&lt;member type="Agility.Sdk.Model.Variables.OutputVariable" selection="false" index="0"&gt;&lt;member name="Id" source="inline" type="System.String" value="VENDORIDEMPTY" selection="false" index="0" /&gt;&lt;member name="Value" source="VENDORIDEMPTY" type="System.Object" value="VENDORIDEMPTY" field="VENDORIDEMPTY" selection="false" index="0" /&gt;&lt;/member&gt;&lt;/param&gt;&lt;/parameters&gt;</paramsmappingxmltag></dotnetactivity></dotnet><webservice /><activityinfo><useadvworkflowrules>0</useadvworkflowrules><seqactivityassignment>0</seqactivityassignment><concuractivityaccess>0</concuractivityaccess><noofusableresourcesreq>0</noofusableresourcesreq><exitcondition></exitcondition><expandgroups>0</expandgroups><noofusableresourcesreqvarid /></activityinfo><categoryid>2278FC5DACAA4553B7C22F31F86B8194</categoryid><poolid>0</poolid><activityruntimesettings>0</activityruntimesettings><activityragamberthreshold>0</activityragamberthreshold><activityragredthreshold>0</activityragredthreshold><activityragblackthreshold>0</activityragblackthreshold><activityragpurplethreshold>0</activityragpurplethreshold><form /><xmldata /><dataaccess /><getresourceinfo /><jobvariableinfo /><baminfo /><bpescalations /><preconditionslist /><startmethod>Method1</startmethod><classnamespace>MyNamespace.Class1</classnamespace><resetlimit>-1</resetlimit><activitytimedoutaction>0</activitytimedoutaction><suspendreasontext></suspendreasontext><suspendreasonvarid></suspendreasonvarid></activitydata></node><node><nodetype>2</nodetype><nodedata><processid>7ADF133F89E24D6AB6070B460EE56B2C</processid><version>6.000000</version><nodeid>2</nodeid><isstartnode>0</isstartnode><nodetype>2</nodetype><designtimetype>0</designtimetype><activationprobability>100</activationprobability><embeddedname></embeddedname><state /><statescope>0</statescope><activitymilestone /><activitymilestonescope>0</activitymilestonescope><activitypendmilestone></activitypendmilestone><activitypendmilestonescope>0</activitypendmilestonescope><activitydonemilestone></activitydonemilestone><activitydonemilestonescope>0</activitydonemilestonescope><nodependevent /><nodependeventscope>0</nodependeventscope><nodedoneevent /><nodedoneeventscope>0</nodedoneeventscope><titleposno>5</titleposno><embeddedproccount>0</embeddedproccount><iscustomnode>0</iscustomnode><designtimesettings>&lt;designtimesettings&gt;&lt;xposition&gt;340&lt;/xposition&gt;&lt;yposition&gt;473.5&lt;/yposition&gt;&lt;width&gt;60&lt;/width&gt;&lt;height&gt;60&lt;/height&gt;&lt;inheritcolorfromsystem&gt;False&lt;/inheritcolorfromsystem&gt;&lt;colour&gt;#FFD5DC43&lt;/colour&gt;&lt;textposition&gt;Top&lt;/textposition&gt;&lt;lane&gt;&lt;name&gt;Lane1&lt;/name&gt;&lt;index&gt;0&lt;/index&gt;&lt;poolid&gt;0FCB960858EB463F87DD554F46EC3143&lt;/poolid&gt;&lt;height&gt;770.1&lt;/height&gt;&lt;/lane&gt;&lt;annotations /&gt;&lt;attachments /&gt;&lt;/designtimesettings&gt;</designtimesettings><attachments></attachments><annotations></annotations><dependants /><destinationnodes><destinationnode><nodeid>4</nodeid><nodetype>1</nodetype></destinationnode><destinationnode><nodeid>10</nodeid><nodetype>1</nodetype></destinationnode></destinationnodes><originnodes><originnode><nodeid>1</nodeid><nodetype>2</nodetype></originnode></originnodes><branchingrules /><runtimesettings>0</runtimesettings></nodedata><decisiondata><decisionname>Vendor ID Empty?</decisionname><description></description><decisiontext>&lt;Rule xmlns:xsd="http://www.w3.org/2001/XMLSchema" xmlns:xsi="http://www.w3.org/2001/XMLSchema-instance"&gt;&lt;RuleInputs&gt;&lt;RuleInput&gt;&lt;Id&gt;VENDORIDEMPTY&lt;/Id&gt;&lt;Scope&gt;None&lt;/Scope&gt;&lt;VariableType&gt;Empty&lt;/VariableType&gt;&lt;/RuleInput&gt;&lt;/RuleInputs&gt;&lt;Script&gt; ¬VENDORIDEMPTY¬&lt;/Script&gt;&lt;RuleType&gt;Decision&lt;/RuleType&gt;&lt;/Rule&gt;</decisiontext><trueid>10</trueid><trackstorejvh>0</trackstorejvh><casesensetive>1</casesensetive><inputvariables><inputvariable><varid>VENDORIDEMPTY</varid></inputvariable></inputvariables></decisiondata></node><node><nodetype>6</nodetype><nodedata><processid>7ADF133F89E24D6AB6070B460EE56B2C</processid><version>6.000000</version><nodeid>3</nodeid><isstartnode>0</isstartnode><nodetype>6</nodetype><designtimetype>0</designtimetype><activationprobability>100</activationprobability><embeddedname></embeddedname><state /><statescope>0</statescope><activitymilestone /><activitymilestonescope>0</activitymilestonescope><activitypendmilestone></activitypendmilestone><activitypendmilestonescope>0</activitypendmilestonescope><activitydonemilestone></activitydonemilestone><activitydonemilestonescope>0</activitydonemilestonescope><nodependevent /><nodependeventscope>0</nodependeventscope><nodedoneevent /><nodedoneeventscope>0</nodedoneeventscope><titleposno>5</titleposno><embeddedproccount>0</embeddedproccount><iscustomnode>0</iscustomnode><designtimesettings>&lt;designtimesettings&gt;&lt;xposition&gt;1285&lt;/xposition&gt;&lt;yposition&gt;443.96875&lt;/yposition&gt;&lt;width&gt;30&lt;/width&gt;&lt;height&gt;30&lt;/height&gt;&lt;inheritcolorfromsystem&gt;False&lt;/inheritcolorfromsystem&gt;&lt;colour&gt;#FF9B0000&lt;/colour&gt;&lt;eventtype&gt;Default&lt;/eventtype&gt;&lt;name&gt;End&lt;/name&gt;&lt;textposition&gt;CentreRight&lt;/textposition&gt;&lt;lane&gt;&lt;name&gt;Lane1&lt;/name&gt;&lt;index&gt;0&lt;/index&gt;&lt;poolid&gt;0FCB960858EB463F87DD554F46EC3143&lt;/poolid&gt;&lt;height&gt;770.1&lt;/height&gt;&lt;/lane&gt;&lt;annotations /&gt;&lt;attachments /&gt;&lt;/designtimesettings&gt;</designtimesettings><attachments></attachments><annotations></annotations><dependants /><destinationnodes /><originnodes><originnode><nodeid>9</nodeid><nodetype>6</nodetype></originnode></originnodes><branchingrules /><runtimesettings>0</runtimesettings></nodedata></node><node><nodetype>1</nodetype><nodedata><processid>7ADF133F89E24D6AB6070B460EE56B2C</processid><version>6.000000</version><nodeid>4</nodeid><isstartnode>0</isstartnode><nodetype>1</nodetype><designtimetype>33</designtimetype><activationprobability>100</activationprobability><embeddedname></embeddedname><state /><statescope>0</statescope><activitymilestone></activitymilestone><activitymilestonescope>0</activitymilestonescope><activitypendmilestone></activitypendmilestone><activitypendmilestonescope>0</activitypendmilestonescope><activitydonemilestone></activitydonemilestone><activitydonemilestonescope>0</activitydonemilestonescope><nodependevent /><nodependeventscope>0</nodependeventscope><nodedoneevent /><nodedoneeventscope>0</nodedoneeventscope><titleposno>5</titleposno><embeddedproccount>0</embeddedproccount><iscustomnode>0</iscustomnode><designtimesettings>&lt;designtimesettings&gt;&lt;xposition&gt;495&lt;/xposition&gt;&lt;yposition&gt;433.5&lt;/yposition&gt;&lt;width&gt;90&lt;/width&gt;&lt;height&gt;60&lt;/height&gt;&lt;inheritcolorfromsystem&gt;True&lt;/inheritcolorfromsystem&gt;&lt;colour&gt;#FFE3EDF3&lt;/colour&gt;&lt;textposition&gt;Centre&lt;/textposition&gt;&lt;lane&gt;&lt;name&gt;Lane1&lt;/name&gt;&lt;index&gt;0&lt;/index&gt;&lt;poolid&gt;0FCB960858EB463F87DD554F46EC3143&lt;/poolid&gt;&lt;height&gt;770.1&lt;/height&gt;&lt;/lane&gt;&lt;annotations /&gt;&lt;attachments /&gt;&lt;resourcenotes /&gt;&lt;/designtimesettings&gt;</designtimesettings><attachments></attachments><annotations></annotations><dependants /><destinationnodes><destinationnode><nodeid>5</nodeid><nodetype>2</nodetype></destinationnode></destinationnodes><originnodes><originnode><nodeid>2</nodeid><nodetype>1</nodetype></originnode></originnodes><branchingrules /><runtimesettings>0</runtimesettings></nodedata><activitydata><inputvariables><inputvariable><varid>SPP_SYSTEM_SESSION_ID</varid></inputvariable><inputvariable><varid>VENDORID</varid></inputvariable><inputvariable><varid>FIRSTCHARACTER</varid></inputvariable></inputvariables><outputvariables /><requiredresources /><usableresources /><dynamicresourcesdata><overwriteusableresources>0</overwriteusableresources><dynamicresourcesvariables /></dynamicresourcesdata><targettime>0</targettime><delaytime>0</delaytime><expectedcost>0.000000</expectedcost><securitylevel>10</securitylevel><skilllevel>10</skilllevel><useprevioususer>0</useprevioususer><tasktype>7</tasktype><priority>1</priority><automatic>1</automatic><trackstorejvh>0</trackstorejvh><usesameasprevious>0</usesameasprevious><taskid>0</taskid><usesameasprevioustype>0</usesameasprevioustype><fixedcost>0.000000</fixedcost><taskname>Get First Character</taskname><resourceid /><createdby>B42D78B8B8544DAAAE10D92A0BD73C89</createdby><purpose></purpose><description></description><script>using System; 
using Agility.Server.Scripting.ScriptAssembly;
 
namespace MyNamespace
{
    
 public class Class1
 {
  public Class1() 
  {
  }
 
  [StartMethodAttribute()] 
  public void Method1(ScriptParameters sp) 
  {
	//			
	// TODO: Add start method code here
	//   string sFormattedText  = &amp;quot;&amp;quot;;   bool bIsValid = false;   string sFieldText = sp.InputVariables[&amp;quot;FIELDTEXT&amp;quot;].ToString();   string sFormatDelimiter = sp.InputVariables[&amp;quot;FormatDelimiter&amp;quot;].ToString();   if (!string.IsNullOrEmpty(sFieldText))   {      //2014-11-10T11:34:06.9013505+11:00      sFormattedText = string.Format(&amp;quot;{0}{1}{2}{3}{4}&amp;quot;, sFieldText.Substring(8, 2), sFormatDelimiter , sFieldText.Substring(5, 2), sFormatDelimiter, sFieldText.Substring(0, 4));     bIsValid = true;   }   // output value   sp.OutputVariables[&amp;quot;FORMATTEDTEXT&amp;quot;] = sFormattedText;             // output    sp.OutputVariables[&amp;quot;ISVALID&amp;quot;] = bIsValid;
  }
 }
}</script><processid /><creationdate>2021-12-17T13:26:04.74801</creationdate><transactionalinfo /><createnewjobinfo><cnjprocessid></cnjprocessid><initparams></initparams><outputs></outputs><varid></varid><jobtype>0</jobtype><reftype>0</reftype></createnewjobinfo><scriptprogid>CSHARP</scriptprogid><preloadscript>1</preloadscript><assocfile></assocfile><designinfo /><sleepinfo>0</sleepinfo><jobowneridinfo></jobowneridinfo><jobownervaridinfo></jobownervaridinfo><negativelagtime>0</negativelagtime><dynduedate>0</dynduedate><dynduedatevar /><dyntargetdurationvar /><sendemail>0</sendemail><emailto>0</emailto><subjecttext></subjecttext><subjectvar></subjectvar><contenttext></contenttext><contentvar></contentvar><urltext></urltext><urlvar></urlvar><appendassocfile>0</appendassocfile><dotnet><dotnetactivity><assemblyid>TotalAgility.Sdk.dll</assemblyid><assemblyloadtype>0</assemblyloadtype><assemblyname>TotalAgility.Sdk.dll</assemblyname><classname>TotalAgility.Sdk.ServerService</classname><methodname>ExecuteCalculationNode</methodname><duplicatemethodno>1</duplicatemethodno><noofparams>0</noofparams><paramsmappingxmltag>&lt;parameters&gt;&lt;param direction="in" source="SPP_SYSTEM_SESSION_ID" field="SPP_SYSTEM_SESSION_ID" datatype="System.String" value="SPP_SYSTEM_SESSION_ID" name="sessionId" selection="false" /&gt;&lt;param direction="in" datatype="Agility.Sdk.Model.Calculations.CalculationNode" name="CalculationNode" selection="false"&gt;&lt;member name="ProcessActivityIdentity" type="Agility.Sdk.Model.Activities.ProcessActivityIdentity" selection="false" index="0"&gt;&lt;member name="ProcessIdentity" type="Agility.Sdk.Model.Processes.ProcessIdentity" selection="false" index="0"&gt;&lt;member name="Id" source="inline" type="System.String" value="7ADF133F89E24D6AB6070B460EE56B2C" selection="false" index="0" /&gt;&lt;member name="Version" source="inline" type="System.Double" value="6" selection="false" index="0" /&gt;&lt;member name="Name" source="inline" type="System.String" value="BR_SetDocumentType" selection="false" index="0" /&gt;&lt;/member&gt;&lt;member name="NodeId" source="inline" type="System.Int16" value="4" selection="false" index="0" /&gt;&lt;member name="ActivityName" source="inline" type="System.String" value="Get First Character" selection="false" index="0" /&gt;&lt;/member&gt;&lt;member name="InputVariables" type="Agility.Sdk.Model.Variables.InputVariable[]" selection="false" index="0"&gt;&lt;member type="Agility.Sdk.Model.Variables.InputVariable" selection="false" index="0"&gt;&lt;member name="Id" source="inline" type="System.String" value="SPP_SYSTEM_SESSION_ID" selection="false" index="0" /&gt;&lt;member name="Value" source="SPP_SYSTEM_SESSION_ID" type="System.Object" value="SPP_SYSTEM_SESSION_ID" field="SPP_SYSTEM_SESSION_ID" selection="false" index="0" /&gt;&lt;/member&gt;&lt;member type="Agility.Sdk.Model.Variables.InputVariable" selection="false" index="0"&gt;&lt;member name="Id" source="inline" type="System.String" value="VENDORID" selection="false" index="0" /&gt;&lt;member name="Value" source="VENDORID" type="System.Object" value="VENDORID" field="VENDORID" selection="false" index="0" /&gt;&lt;/member&gt;&lt;member type="Agility.Sdk.Model.Variables.InputVariable" selection="false" index="0"&gt;&lt;member name="Id" source="inline" type="System.String" value="FIRSTCHARACTER" selection="false" index="0" /&gt;&lt;member name="Value" source="FIRSTCHARACTER" type="System.Object" value="FIRSTCHARACTER" field="FIRSTCHARACTER" selection="false" index="0" /&gt;&lt;/member&gt;&lt;/member&gt;&lt;member name="CalculationScriptCollection" type="Agility.Sdk.Model.Calculations.CalculationScript[]" selection="false" index="0"&gt;&lt;member type="Agility.Sdk.Model.Calculations.CalculationScript" selection="false" index="0"&gt;&lt;member name="Script" source="inline" type="System.String" value="&amp;lt;?xml version=&amp;quot;1.0&amp;quot; encoding=&amp;quot;utf-16&amp;quot;?&amp;gt;&amp;lt;Rule xmlns:xsd=&amp;quot;http://www.w3.org/2001/XMLSchema&amp;quot; xmlns:xsi=&amp;quot;http://www.w3.org/2001/XMLSchema-instance&amp;quot;&amp;gt;&amp;lt;RuleInputs&amp;gt;&amp;lt;RuleInput&amp;gt;&amp;lt;Id&amp;gt;VENDORID&amp;lt;/Id&amp;gt;&amp;lt;Scope&amp;gt;None&amp;lt;/Scope&amp;gt;&amp;lt;VariableType&amp;gt;Empty&amp;lt;/VariableType&amp;gt;&amp;lt;/RuleInput&amp;gt;&amp;lt;/RuleInputs&amp;gt;&amp;lt;Script&amp;gt; Left( Trim( ¬VENDORID¬) ,1)&amp;lt;/Script&amp;gt;&amp;lt;RuleType&amp;gt;Expression&amp;lt;/RuleType&amp;gt;&amp;lt;/Rule&amp;gt;" selection="false" index="0" /&gt;&lt;member name="Description" source="inline" type="System.String" value="" selection="false" index="0" /&gt;&lt;member name="TargetVariable" type="Agility.Sdk.Model.Variables.OutputVariable" selection="false" index="0"&gt;&lt;member name="Id" source="inline" type="System.String" value="FIRSTCHARACTER" selection="false" index="0" /&gt;&lt;member name="Value" source="FIRSTCHARACTER" type="System.Object" value="FIRSTCHARACTER" field="FIRSTCHARACTER" selection="false" index="0" /&gt;&lt;/member&gt;&lt;member name="UseBusinessCalendar" source="inline" type="System.Boolean" value="False" selection="false" index="0" /&gt;&lt;/member&gt;&lt;/member&gt;&lt;/param&gt;&lt;param direction="ret" datatype="Agility.Sdk.Model.Variables.OutputVariable[]" name="Return Parameter" selection="false"&gt;&lt;member type="Agility.Sdk.Model.Variables.OutputVariable" selection="false" index="0"&gt;&lt;member name="Id" source="inline" type="System.String" value="FIRSTCHARACTER" selection="false" index="0" /&gt;&lt;member name="Value" source="FIRSTCHARACTER" type="System.Object" value="FIRSTCHARACTER" field="FIRSTCHARACTER" selection="false" index="0" /&gt;&lt;/member&gt;&lt;/param&gt;&lt;/parameters&gt;</paramsmappingxmltag></dotnetactivity></dotnet><webservice /><activityinfo><useadvworkflowrules>0</useadvworkflowrules><seqactivityassignment>0</seqactivityassignment><concuractivityaccess>0</concuractivityaccess><noofusableresourcesreq>0</noofusableresourcesreq><exitcondition></exitcondition><expandgroups>0</expandgroups><noofusableresourcesreqvarid /></activityinfo><categoryid>2278FC5DACAA4553B7C22F31F86B8194</categoryid><poolid>0</poolid><activityruntimesettings>0</activityruntimesettings><activityragamberthreshold>0</activityragamberthreshold><activityragredthreshold>0</activityragredthreshold><activityragblackthreshold>0</activityragblackthreshold><activityragpurplethreshold>0</activityragpurplethreshold><form /><xmldata /><dataaccess /><getresourceinfo /><jobvariableinfo /><baminfo /><bpescalations /><preconditionslist /><startmethod>Method1</startmethod><classnamespace>MyNamespace.Class1</classnamespace><resetlimit>-1</resetlimit><activitytimedoutaction>0</activitytimedoutaction><suspendreasontext></suspendreasontext><suspendreasonvarid></suspendreasonvarid></activitydata></node><node><nodetype>2</nodetype><nodedata><processid>7ADF133F89E24D6AB6070B460EE56B2C</processid><version>6.000000</version><nodeid>5</nodeid><isstartnode>0</isstartnode><nodetype>2</nodetype><designtimetype>0</designtimetype><activationprobability>100</activationprobability><embeddedname></embeddedname><state /><statescope>0</statescope><activitymilestone /><activitymilestonescope>0</activitymilestonescope><activitypendmilestone></activitypendmilestone><activitypendmilestonescope>0</activitypendmilestonescope><activitydonemilestone></activitydonemilestone><activitydonemilestonescope>0</activitydonemilestonescope><nodependevent /><nodependeventscope>0</nodependeventscope><nodedoneevent /><nodedoneeventscope>0</nodedoneeventscope><titleposno>5</titleposno><embeddedproccount>0</embeddedproccount><iscustomnode>0</iscustomnode><designtimesettings>&lt;designtimesettings&gt;&lt;xposition&gt;650&lt;/xposition&gt;&lt;yposition&gt;433.5&lt;/yposition&gt;&lt;width&gt;60&lt;/width&gt;&lt;height&gt;60&lt;/height&gt;&lt;inheritcolorfromsystem&gt;False&lt;/inheritcolorfromsystem&gt;&lt;colour&gt;#FFD5DC43&lt;/colour&gt;&lt;textposition&gt;Top&lt;/textposition&gt;&lt;lane&gt;&lt;name&gt;Lane1&lt;/name&gt;&lt;index&gt;0&lt;/index&gt;&lt;poolid&gt;0FCB960858EB463F87DD554F46EC3143&lt;/poolid&gt;&lt;height&gt;770.1&lt;/height&gt;&lt;/lane&gt;&lt;annotations /&gt;&lt;attachments /&gt;&lt;/designtimesettings&gt;</designtimesettings><attachments></attachments><annotations></annotations><dependants /><destinationnodes><destinationnode><nodeid>6</nodeid><nodetype>1</nodetype></destinationnode><destinationnode><nodeid>7</nodeid><nodetype>2</nodetype></destinationnode></destinationnodes><originnodes><originnode><nodeid>4</nodeid><nodetype>2</nodetype></originnode></originnodes><branchingrules /><runtimesettings>0</runtimesettings></nodedata><decisiondata><decisionname>First Character 4?</decisionname><description></description><decisiontext>&lt;Rule xmlns:xsd="http://www.w3.org/2001/XMLSchema" xmlns:xsi="http://www.w3.org/2001/XMLSchema-instance"&gt;&lt;RuleInputs&gt;&lt;RuleInput&gt;&lt;Id&gt;FIRSTCHARACTER&lt;/Id&gt;&lt;Scope&gt;None&lt;/Scope&gt;&lt;VariableType&gt;Empty&lt;/VariableType&gt;&lt;/RuleInput&gt;&lt;/RuleInputs&gt;&lt;Script&gt; ¬FIRSTCHARACTER¬ = "4"&lt;/Script&gt;&lt;RuleType&gt;Decision&lt;/RuleType&gt;&lt;/Rule&gt;</decisiontext><trueid>6</trueid><trackstorejvh>0</trackstorejvh><casesensetive>1</casesensetive><inputvariables><inputvariable><varid>FIRSTCHARACTER</varid></inputvariable></inputvariables></decisiondata></node><node><nodetype>1</nodetype><nodedata><processid>7ADF133F89E24D6AB6070B460EE56B2C</processid><version>6.000000</version><nodeid>6</nodeid><isstartnode>0</isstartnode><nodetype>1</nodetype><designtimetype>33</designtimetype><activationprobability>100</activationprobability><embeddedname></embeddedname><state /><statescope>0</statescope><activitymilestone></activitymilestone><activitymilestonescope>0</activitymilestonescope><activitypendmilestone></activitypendmilestone><activitypendmilestonescope>0</activitypendmilestonescope><activitydonemilestone></activitydonemilestone><activitydonemilestonescope>0</activitydonemilestonescope><nodependevent /><nodependeventscope>0</nodependeventscope><nodedoneevent /><nodedoneeventscope>0</nodedoneeventscope><titleposno>5</titleposno><embeddedproccount>0</embeddedproccount><iscustomnode>0</iscustomnode><designtimesettings>&lt;designtimesettings&gt;&lt;xposition&gt;805&lt;/xposition&gt;&lt;yposition&gt;333.5&lt;/yposition&gt;&lt;width&gt;90&lt;/width&gt;&lt;height&gt;60&lt;/height&gt;&lt;inheritcolorfromsystem&gt;True&lt;/inheritcolorfromsystem&gt;&lt;colour&gt;#FFE3EDF3&lt;/colour&gt;&lt;textposition&gt;Centre&lt;/textposition&gt;&lt;lane&gt;&lt;name&gt;Lane1&lt;/name&gt;&lt;index&gt;0&lt;/index&gt;&lt;poolid&gt;0FCB960858EB463F87DD554F46EC3143&lt;/poolid&gt;&lt;height&gt;770.1&lt;/height&gt;&lt;/lane&gt;&lt;annotations /&gt;&lt;attachments /&gt;&lt;resourcenotes /&gt;&lt;/designtimesettings&gt;</designtimesettings><attachments></attachments><annotations></annotations><dependants /><destinationnodes><destinationnode><nodeid>9</nodeid><nodetype>1</nodetype></destinationnode></destinationnodes><originnodes><originnode><nodeid>5</nodeid><nodetype>1</nodetype></originnode></originnodes><branchingrules /><runtimesettings>0</runtimesettings></nodedata><activitydata><inputvariables><inputvariable><varid>SPP_SYSTEM_SESSION_ID</varid></inputvariable><inputvariable><varid>DOCUMENTTYPE</varid></inputvariable><inputvariable><varid>ISVALID</varid></inputvariable></inputvariables><outputvariables /><requiredresources /><usableresources /><dynamicresourcesdata><overwriteusableresources>0</overwriteusableresources><dynamicresourcesvariables /></dynamicresourcesdata><targettime>0</targettime><delaytime>0</delaytime><expectedcost>0.000000</expectedcost><securitylevel>10</securitylevel><skilllevel>10</skilllevel><useprevioususer>0</useprevioususer><tasktype>7</tasktype><priority>1</priority><automatic>1</automatic><trackstorejvh>0</trackstorejvh><usesameasprevious>0</usesameasprevious><taskid>0</taskid><usesameasprevioustype>0</usesameasprevioustype><fixedcost>0.000000</fixedcost><taskname>Set ACMA Document type</taskname><resourceid /><createdby>B42D78B8B8544DAAAE10D92A0BD73C89</createdby><purpose></purpose><description></description><script>using System; 
using Agility.Server.Scripting.ScriptAssembly;
 
namespace MyNamespace
{
    
 public class Class1
 {
  public Class1() 
  {
  }
 
  [StartMethodAttribute()] 
  public void Method1(ScriptParameters sp) 
  {
	//			
	// TODO: Add start method code here
	//   string sFormattedText  = &amp;quot;&amp;quot;;   bool bIsValid = false;   string sFieldText = sp.InputVariables[&amp;quot;FIELDTEXT&amp;quot;].ToString();   string sFormatDelimiter = sp.InputVariables[&amp;quot;FormatDelimiter&amp;quot;].ToString();   if (!string.IsNullOrEmpty(sFieldText))   {      //2014-11-10T11:34:06.9013505+11:00      sFormattedText = string.Format(&amp;quot;{0}{1}{2}{3}{4}&amp;quot;, sFieldText.Substring(8, 2), sFormatDelimiter , sFieldText.Substring(5, 2), sFormatDelimiter, sFieldText.Substring(0, 4));     bIsValid = true;   }   // output value   sp.OutputVariables[&amp;quot;FORMATTEDTEXT&amp;quot;] = sFormattedText;             // output    sp.OutputVariables[&amp;quot;ISVALID&amp;quot;] = bIsValid;
  }
 }
}</script><processid /><creationdate>2021-12-17T13:26:04.74901</creationdate><transactionalinfo /><createnewjobinfo><cnjprocessid></cnjprocessid><initparams></initparams><outputs></outputs><varid></varid><jobtype>0</jobtype><reftype>0</reftype></createnewjobinfo><scriptprogid>CSHARP</scriptprogid><preloadscript>1</preloadscript><assocfile></assocfile><designinfo /><sleepinfo>0</sleepinfo><jobowneridinfo></jobowneridinfo><jobownervaridinfo></jobownervaridinfo><negativelagtime>0</negativelagtime><dynduedate>0</dynduedate><dynduedatevar /><dyntargetdurationvar /><sendemail>0</sendemail><emailto>0</emailto><subjecttext></subjecttext><subjectvar></subjectvar><contenttext></contenttext><contentvar></contentvar><urltext></urltext><urlvar></urlvar><appendassocfile>0</appendassocfile><dotnet><dotnetactivity><assemblyid>TotalAgility.Sdk.dll</assemblyid><assemblyloadtype>0</assemblyloadtype><assemblyname>TotalAgility.Sdk.dll</assemblyname><classname>TotalAgility.Sdk.ServerService</classname><methodname>ExecuteCalculationNode</methodname><duplicatemethodno>1</duplicatemethodno><noofparams>0</noofparams><paramsmappingxmltag>&lt;parameters&gt;&lt;param direction="in" source="SPP_SYSTEM_SESSION_ID" field="SPP_SYSTEM_SESSION_ID" datatype="System.String" value="SPP_SYSTEM_SESSION_ID" name="sessionId" selection="false" /&gt;&lt;param direction="in" datatype="Agility.Sdk.Model.Calculations.CalculationNode" name="CalculationNode" selection="false"&gt;&lt;member name="ProcessActivityIdentity" type="Agility.Sdk.Model.Activities.ProcessActivityIdentity" selection="false" index="0"&gt;&lt;member name="ProcessIdentity" type="Agility.Sdk.Model.Processes.ProcessIdentity" selection="false" index="0"&gt;&lt;member name="Id" source="inline" type="System.String" value="7ADF133F89E24D6AB6070B460EE56B2C" selection="false" index="0" /&gt;&lt;member name="Version" source="inline" type="System.Double" value="6" selection="false" index="0" /&gt;&lt;member name="Name" source="inline" type="System.String" value="BR_SetDocumentType" selection="false" index="0" /&gt;&lt;/member&gt;&lt;member name="NodeId" source="inline" type="System.Int16" value="6" selection="false" index="0" /&gt;&lt;member name="ActivityName" source="inline" type="System.String" value="Set ACMA Document type" selection="false" index="0" /&gt;&lt;/member&gt;&lt;member name="InputVariables" type="Agility.Sdk.Model.Variables.InputVariable[]" selection="false" index="0"&gt;&lt;member type="Agility.Sdk.Model.Variables.InputVariable" selection="false" index="0"&gt;&lt;member name="Id" source="inline" type="System.String" value="SPP_SYSTEM_SESSION_ID" selection="false" index="0" /&gt;&lt;member name="Value" source="SPP_SYSTEM_SESSION_ID" type="System.Object" value="SPP_SYSTEM_SESSION_ID" field="SPP_SYSTEM_SESSION_ID" selection="false" index="0" /&gt;&lt;/member&gt;&lt;member type="Agility.Sdk.Model.Variables.InputVariable" selection="false" index="0"&gt;&lt;member name="Id" source="inline" type="System.String" value="DOCUMENTTYPE" selection="false" index="0" /&gt;&lt;member name="Value" source="DOCUMENTTYPE" type="System.Object" value="DOCUMENTTYPE" field="DOCUMENTTYPE" selection="false" index="0" /&gt;&lt;/member&gt;&lt;member type="Agility.Sdk.Model.Variables.InputVariable" selection="false" index="0"&gt;&lt;member name="Id" source="inline" type="System.String" value="ISVALID" selection="false" index="0" /&gt;&lt;member name="Value" source="ISVALID" type="System.Object" value="ISVALID" field="ISVALID" selection="false" index="0" /&gt;&lt;/member&gt;&lt;/member&gt;&lt;member name="CalculationScriptCollection" type="Agility.Sdk.Model.Calculations.CalculationScript[]" selection="false" index="0"&gt;&lt;member type="Agility.Sdk.Model.Calculations.CalculationScript" selection="false" index="0"&gt;&lt;member name="Script" source="inline" type="System.String" value="&amp;lt;?xml version=&amp;quot;1.0&amp;quot; encoding=&amp;quot;utf-16&amp;quot;?&amp;gt;&amp;lt;Rule xmlns:xsd=&amp;quot;http://www.w3.org/2001/XMLSchema&amp;quot; xmlns:xsi=&amp;quot;http://www.w3.org/2001/XMLSchema-instance&amp;quot;&amp;gt;&amp;lt;RuleInputs /&amp;gt;&amp;lt;Script&amp;gt; &amp;quot;ACMA Invoice&amp;quot;&amp;lt;/Script&amp;gt;&amp;lt;RuleType&amp;gt;Expression&amp;lt;/RuleType&amp;gt;&amp;lt;/Rule&amp;gt;" selection="false" index="0" /&gt;&lt;member name="Description" source="inline" type="System.String" value="" selection="false" index="0" /&gt;&lt;member name="TargetVariable" type="Agility.Sdk.Model.Variables.OutputVariable" selection="false" index="0"&gt;&lt;member name="Id" source="inline" type="System.String" value="DOCUMENTTYPE" selection="false" index="0" /&gt;&lt;member name="Value" source="DOCUMENTTYPE" type="System.Object" value="DOCUMENTTYPE" field="DOCUMENTTYPE" selection="false" index="0" /&gt;&lt;/member&gt;&lt;member name="UseBusinessCalendar" source="inline" type="System.Boolean" value="False" selection="false" index="0" /&gt;&lt;/member&gt;&lt;member type="Agility.Sdk.Model.Calculations.CalculationScript" selection="false" index="0"&gt;&lt;member name="Script" source="inline" type="System.String" value="&amp;lt;?xml version=&amp;quot;1.0&amp;quot; encoding=&amp;quot;utf-16&amp;quot;?&amp;gt;&amp;lt;Rule xmlns:xsd=&amp;quot;http://www.w3.org/2001/XMLSchema&amp;quot; xmlns:xsi=&amp;quot;http://www.w3.org/2001/XMLSchema-instance&amp;quot;&amp;gt;&amp;lt;RuleInputs /&amp;gt;&amp;lt;Script&amp;gt; True&amp;lt;/Script&amp;gt;&amp;lt;RuleType&amp;gt;Expression&amp;lt;/RuleType&amp;gt;&amp;lt;/Rule&amp;gt;" selection="false" index="0" /&gt;&lt;member name="Description" source="inline" type="System.String" value="" selection="false" index="0" /&gt;&lt;member name="TargetVariable" type="Agility.Sdk.Model.Variables.OutputVariable" selection="false" index="0"&gt;&lt;member name="Id" source="inline" type="System.String" value="ISVALID" selection="false" index="0" /&gt;&lt;member name="Value" source="ISVALID" type="System.Object" value="ISVALID" field="ISVALID" selection="false" index="0" /&gt;&lt;/member&gt;&lt;member name="UseBusinessCalendar" source="inline" type="System.Boolean" value="False" selection="false" index="0" /&gt;&lt;/member&gt;&lt;/member&gt;&lt;/param&gt;&lt;param direction="ret" datatype="Agility.Sdk.Model.Variables.OutputVariable[]" name="Return Parameter" selection="false"&gt;&lt;member type="Agility.Sdk.Model.Variables.OutputVariable" selection="false" index="0"&gt;&lt;member name="Id" source="inline" type="System.String" value="DOCUMENTTYPE" selection="false" index="0" /&gt;&lt;member name="Value" source="DOCUMENTTYPE" type="System.Object" value="DOCUMENTTYPE" field="DOCUMENTTYPE" selection="false" index="0" /&gt;&lt;/member&gt;&lt;member type="Agility.Sdk.Model.Variables.OutputVariable" selection="false" index="0"&gt;&lt;member name="Id" source="inline" type="System.String" value="ISVALID" selection="false" index="0" /&gt;&lt;member name="Value" source="ISVALID" type="System.Object" value="ISVALID" field="ISVALID" selection="false" index="0" /&gt;&lt;/member&gt;&lt;/param&gt;&lt;/parameters&gt;</paramsmappingxmltag></dotnetactivity></dotnet><webservice /><activityinfo><useadvworkflowrules>0</useadvworkflowrules><seqactivityassignment>0</seqactivityassignment><concuractivityaccess>0</concuractivityaccess><noofusableresourcesreq>0</noofusableresourcesreq><exitcondition></exitcondition><expandgroups>0</expandgroups><noofusableresourcesreqvarid /></activityinfo><categoryid>2278FC5DACAA4553B7C22F31F86B8194</categoryid><poolid>0</poolid><activityruntimesettings>0</activityruntimesettings><activityragamberthreshold>0</activityragamberthreshold><activityragredthreshold>0</activityragredthreshold><activityragblackthreshold>0</activityragblackthreshold><activityragpurplethreshold>0</activityragpurplethreshold><form /><xmldata /><dataaccess /><getresourceinfo /><jobvariableinfo /><baminfo /><bpescalations /><preconditionslist /><startmethod>Method1</startmethod><classnamespace>MyNamespace.Class1</classnamespace><resetlimit>-1</resetlimit><activitytimedoutaction>0</activitytimedoutaction><suspendreasontext></suspendreasontext><suspendreasonvarid></suspendreasonvarid></activitydata></node><node><nodetype>2</nodetype><nodedata><processid>7ADF133F89E24D6AB6070B460EE56B2C</processid><version>6.000000</version><nodeid>7</nodeid><isstartnode>0</isstartnode><nodetype>2</nodetype><designtimetype>0</designtimetype><activationprobability>100</activationprobability><embeddedname></embeddedname><state /><statescope>0</statescope><activitymilestone /><activitymilestonescope>0</activitymilestonescope><activitypendmilestone></activitypendmilestone><activitypendmilestonescope>0</activitypendmilestonescope><activitydonemilestone></activitydonemilestone><activitydonemilestonescope>0</activitydonemilestonescope><nodependevent /><nodependeventscope>0</nodependeventscope><nodedoneevent /><nodedoneeventscope>0</nodedoneeventscope><titleposno>5</titleposno><embeddedproccount>0</embeddedproccount><iscustomnode>0</iscustomnode><designtimesettings>&lt;designtimesettings&gt;&lt;xposition&gt;805&lt;/xposition&gt;&lt;yposition&gt;503.5&lt;/yposition&gt;&lt;width&gt;60&lt;/width&gt;&lt;height&gt;60&lt;/height&gt;&lt;inheritcolorfromsystem&gt;False&lt;/inheritcolorfromsystem&gt;&lt;colour&gt;#FFD5DC43&lt;/colour&gt;&lt;textposition&gt;Top&lt;/textposition&gt;&lt;lane&gt;&lt;name&gt;Lane1&lt;/name&gt;&lt;index&gt;0&lt;/index&gt;&lt;poolid&gt;0FCB960858EB463F87DD554F46EC3143&lt;/poolid&gt;&lt;height&gt;770.1&lt;/height&gt;&lt;/lane&gt;&lt;annotations /&gt;&lt;attachments /&gt;&lt;/designtimesettings&gt;</designtimesettings><attachments></attachments><annotations></annotations><dependants /><destinationnodes><destinationnode><nodeid>8</nodeid><nodetype>1</nodetype></destinationnode><destinationnode><nodeid>10</nodeid><nodetype>1</nodetype></destinationnode></destinationnodes><originnodes><originnode><nodeid>5</nodeid><nodetype>2</nodetype></originnode></originnodes><branchingrules /><runtimesettings>0</runtimesettings></nodedata><decisiondata><decisionname>First Character 5?</decisionname><description></description><decisiontext>&lt;Rule xmlns:xsd="http://www.w3.org/2001/XMLSchema" xmlns:xsi="http://www.w3.org/2001/XMLSchema-instance"&gt;&lt;RuleInputs&gt;&lt;RuleInput&gt;&lt;Id&gt;FIRSTCHARACTER&lt;/Id&gt;&lt;Scope&gt;None&lt;/Scope&gt;&lt;VariableType&gt;Empty&lt;/VariableType&gt;&lt;/RuleInput&gt;&lt;/RuleInputs&gt;&lt;Script&gt; ¬FIRSTCHARACTER¬ = "5"&lt;/Script&gt;&lt;RuleType&gt;Decision&lt;/RuleType&gt;&lt;/Rule&gt;</decisiontext><trueid>8</trueid><trackstorejvh>0</trackstorejvh><casesensetive>1</casesensetive><inputvariables><inputvariable><varid>FIRSTCHARACTER</varid></inputvariable></inputvariables></decisiondata></node><node><nodetype>1</nodetype><nodedata><processid>7ADF133F89E24D6AB6070B460EE56B2C</processid><version>6.000000</version><nodeid>8</nodeid><isstartnode>0</isstartnode><nodetype>1</nodetype><designtimetype>33</designtimetype><activationprobability>100</activationprobability><embeddedname></embeddedname><state /><statescope>0</statescope><activitymilestone></activitymilestone><activitymilestonescope>0</activitymilestonescope><activitypendmilestone></activitypendmilestone><activitypendmilestonescope>0</activitypendmilestonescope><activitydonemilestone></activitydonemilestone><activitydonemilestonescope>0</activitydonemilestonescope><nodependevent /><nodependeventscope>0</nodependeventscope><nodedoneevent /><nodedoneeventscope>0</nodedoneeventscope><titleposno>5</titleposno><embeddedproccount>0</embeddedproccount><iscustomnode>0</iscustomnode><designtimesettings>&lt;designtimesettings&gt;&lt;xposition&gt;939&lt;/xposition&gt;&lt;yposition&gt;418.5&lt;/yposition&gt;&lt;width&gt;90&lt;/width&gt;&lt;height&gt;60&lt;/height&gt;&lt;inheritcolorfromsystem&gt;True&lt;/inheritcolorfromsystem&gt;&lt;colour&gt;#FFE3EDF3&lt;/colour&gt;&lt;textposition&gt;Centre&lt;/textposition&gt;&lt;lane&gt;&lt;name&gt;Lane1&lt;/name&gt;&lt;index&gt;0&lt;/index&gt;&lt;poolid&gt;0FCB960858EB463F87DD554F46EC3143&lt;/poolid&gt;&lt;height&gt;770.1&lt;/height&gt;&lt;/lane&gt;&lt;annotations /&gt;&lt;attachments /&gt;&lt;resourcenotes /&gt;&lt;/designtimesettings&gt;</designtimesettings><attachments></attachments><annotations></annotations><dependants /><destinationnodes><destinationnode><nodeid>9</nodeid><nodetype>1</nodetype></destinationnode></destinationnodes><originnodes><originnode><nodeid>7</nodeid><nodetype>1</nodetype></originnode></originnodes><branchingrules /><runtimesettings>0</runtimesettings></nodedata><activitydata><inputvariables><inputvariable><varid>SPP_SYSTEM_SESSION_ID</varid></inputvariable><inputvariable><varid>DOCUMENTTYPE</varid></inputvariable><inputvariable><varid>ISVALID</varid></inputvariable></inputvariables><outputvariables /><requiredresources /><usableresources /><dynamicresourcesdata><overwriteusableresources>0</overwriteusableresources><dynamicresourcesvariables /></dynamicresourcesdata><targettime>0</targettime><delaytime>0</delaytime><expectedcost>0.000000</expectedcost><securitylevel>10</securitylevel><skilllevel>10</skilllevel><useprevioususer>0</useprevioususer><tasktype>7</tasktype><priority>1</priority><automatic>1</automatic><trackstorejvh>0</trackstorejvh><usesameasprevious>0</usesameasprevious><taskid>0</taskid><usesameasprevioustype>0</usesameasprevioustype><fixedcost>0.000000</fixedcost><taskname>Set CMMF Document Type</taskname><resourceid /><createdby>B42D78B8B8544DAAAE10D92A0BD73C89</createdby><purpose></purpose><description></description><script>using System; 
using Agility.Server.Scripting.ScriptAssembly;
 
namespace MyNamespace
{
    
 public class Class1
 {
  public Class1() 
  {
  }
 
  [StartMethodAttribute()] 
  public void Method1(ScriptParameters sp) 
  {
	//			
	// TODO: Add start method code here
	//   string sFormattedText  = &amp;quot;&amp;quot;;   bool bIsValid = false;   string sFieldText = sp.InputVariables[&amp;quot;FIELDTEXT&amp;quot;].ToString();   string sFormatDelimiter = sp.InputVariables[&amp;quot;FormatDelimiter&amp;quot;].ToString();   if (!string.IsNullOrEmpty(sFieldText))   {      //2014-11-10T11:34:06.9013505+11:00      sFormattedText = string.Format(&amp;quot;{0}{1}{2}{3}{4}&amp;quot;, sFieldText.Substring(8, 2), sFormatDelimiter , sFieldText.Substring(5, 2), sFormatDelimiter, sFieldText.Substring(0, 4));     bIsValid = true;   }   // output value   sp.OutputVariables[&amp;quot;FORMATTEDTEXT&amp;quot;] = sFormattedText;             // output    sp.OutputVariables[&amp;quot;ISVALID&amp;quot;] = bIsValid;
  }
 }
}</script><processid /><creationdate>2021-12-17T13:26:04.75101</creationdate><transactionalinfo /><createnewjobinfo><cnjprocessid></cnjprocessid><initparams></initparams><outputs></outputs><varid></varid><jobtype>0</jobtype><reftype>0</reftype></createnewjobinfo><scriptprogid>CSHARP</scriptprogid><preloadscript>1</preloadscript><assocfile></assocfile><designinfo /><sleepinfo>0</sleepinfo><jobowneridinfo></jobowneridinfo><jobownervaridinfo></jobownervaridinfo><negativelagtime>0</negativelagtime><dynduedate>0</dynduedate><dynduedatevar /><dyntargetdurationvar /><sendemail>0</sendemail><emailto>0</emailto><subjecttext></subjecttext><subjectvar></subjectvar><contenttext></contenttext><contentvar></contentvar><urltext></urltext><urlvar></urlvar><appendassocfile>0</appendassocfile><dotnet><dotnetactivity><assemblyid>TotalAgility.Sdk.dll</assemblyid><assemblyloadtype>0</assemblyloadtype><assemblyname>TotalAgility.Sdk.dll</assemblyname><classname>TotalAgility.Sdk.ServerService</classname><methodname>ExecuteCalculationNode</methodname><duplicatemethodno>1</duplicatemethodno><noofparams>0</noofparams><paramsmappingxmltag>&lt;parameters&gt;&lt;param direction="in" source="SPP_SYSTEM_SESSION_ID" field="SPP_SYSTEM_SESSION_ID" datatype="System.String" value="SPP_SYSTEM_SESSION_ID" name="sessionId" selection="false" /&gt;&lt;param direction="in" datatype="Agility.Sdk.Model.Calculations.CalculationNode" name="CalculationNode" selection="false"&gt;&lt;member name="ProcessActivityIdentity" type="Agility.Sdk.Model.Activities.ProcessActivityIdentity" selection="false" index="0"&gt;&lt;member name="ProcessIdentity" type="Agility.Sdk.Model.Processes.ProcessIdentity" selection="false" index="0"&gt;&lt;member name="Id" source="inline" type="System.String" value="7ADF133F89E24D6AB6070B460EE56B2C" selection="false" index="0" /&gt;&lt;member name="Version" source="inline" type="System.Double" value="6" selection="false" index="0" /&gt;&lt;member name="Name" source="inline" type="System.String" value="BR_SetDocumentType" selection="false" index="0" /&gt;&lt;/member&gt;&lt;member name="NodeId" source="inline" type="System.Int16" value="8" selection="false" index="0" /&gt;&lt;member name="ActivityName" source="inline" type="System.String" value="Set CMMF Document Type" selection="false" index="0" /&gt;&lt;/member&gt;&lt;member name="InputVariables" type="Agility.Sdk.Model.Variables.InputVariable[]" selection="false" index="0"&gt;&lt;member type="Agility.Sdk.Model.Variables.InputVariable" selection="false" index="0"&gt;&lt;member name="Id" source="inline" type="System.String" value="SPP_SYSTEM_SESSION_ID" selection="false" index="0" /&gt;&lt;member name="Value" source="SPP_SYSTEM_SESSION_ID" type="System.Object" value="SPP_SYSTEM_SESSION_ID" field="SPP_SYSTEM_SESSION_ID" selection="false" index="0" /&gt;&lt;/member&gt;&lt;member type="Agility.Sdk.Model.Variables.InputVariable" selection="false" index="0"&gt;&lt;member name="Id" source="inline" type="System.String" value="DOCUMENTTYPE" selection="false" index="0" /&gt;&lt;member name="Value" source="DOCUMENTTYPE" type="System.Object" value="DOCUMENTTYPE" field="DOCUMENTTYPE" selection="false" index="0" /&gt;&lt;/member&gt;&lt;member type="Agility.Sdk.Model.Variables.InputVariable" selection="false" index="0"&gt;&lt;member name="Id" source="inline" type="System.String" value="ISVALID" selection="false" index="0" /&gt;&lt;member name="Value" source="ISVALID" type="System.Object" value="ISVALID" field="ISVALID" selection="false" index="0" /&gt;&lt;/member&gt;&lt;/member&gt;&lt;member name="CalculationScriptCollection" type="Agility.Sdk.Model.Calculations.CalculationScript[]" selection="false" index="0"&gt;&lt;member type="Agility.Sdk.Model.Calculations.CalculationScript" selection="false" index="0"&gt;&lt;member name="Script" source="inline" type="System.String" value="&amp;lt;?xml version=&amp;quot;1.0&amp;quot; encoding=&amp;quot;utf-16&amp;quot;?&amp;gt;&amp;lt;Rule xmlns:xsd=&amp;quot;http://www.w3.org/2001/XMLSchema&amp;quot; xmlns:xsi=&amp;quot;http://www.w3.org/2001/XMLSchema-instance&amp;quot;&amp;gt;&amp;lt;RuleInputs /&amp;gt;&amp;lt;Script&amp;gt; &amp;quot;CMMF Invoice&amp;quot;&amp;lt;/Script&amp;gt;&amp;lt;RuleType&amp;gt;Expression&amp;lt;/RuleType&amp;gt;&amp;lt;/Rule&amp;gt;" selection="false" index="0" /&gt;&lt;member name="Description" source="inline" type="System.String" value="" selection="false" index="0" /&gt;&lt;member name="TargetVariable" type="Agility.Sdk.Model.Variables.OutputVariable" selection="false" index="0"&gt;&lt;member name="Id" source="inline" type="System.String" value="DOCUMENTTYPE" selection="false" index="0" /&gt;&lt;member name="Value" source="DOCUMENTTYPE" type="System.Object" value="DOCUMENTTYPE" field="DOCUMENTTYPE" selection="false" index="0" /&gt;&lt;/member&gt;&lt;member name="UseBusinessCalendar" source="inline" type="System.Boolean" value="False" selection="false" index="0" /&gt;&lt;/member&gt;&lt;member type="Agility.Sdk.Model.Calculations.CalculationScript" selection="false" index="0"&gt;&lt;member name="Script" source="inline" type="System.String" value="&amp;lt;?xml version=&amp;quot;1.0&amp;quot; encoding=&amp;quot;utf-16&amp;quot;?&amp;gt;&amp;lt;Rule xmlns:xsd=&amp;quot;http://www.w3.org/2001/XMLSchema&amp;quot; xmlns:xsi=&amp;quot;http://www.w3.org/2001/XMLSchema-instance&amp;quot;&amp;gt;&amp;lt;RuleInputs /&amp;gt;&amp;lt;Script&amp;gt; True&amp;lt;/Script&amp;gt;&amp;lt;RuleType&amp;gt;Expression&amp;lt;/RuleType&amp;gt;&amp;lt;/Rule&amp;gt;" selection="false" index="0" /&gt;&lt;member name="Description" source="inline" type="System.String" value="" selection="false" index="0" /&gt;&lt;member name="TargetVariable" type="Agility.Sdk.Model.Variables.OutputVariable" selection="false" index="0"&gt;&lt;member name="Id" source="inline" type="System.String" value="ISVALID" selection="false" index="0" /&gt;&lt;member name="Value" source="ISVALID" type="System.Object" value="ISVALID" field="ISVALID" selection="false" index="0" /&gt;&lt;/member&gt;&lt;member name="UseBusinessCalendar" source="inline" type="System.Boolean" value="False" selection="false" index="0" /&gt;&lt;/member&gt;&lt;/member&gt;&lt;/param&gt;&lt;param direction="ret" datatype="Agility.Sdk.Model.Variables.OutputVariable[]" name="Return Parameter" selection="false"&gt;&lt;member type="Agility.Sdk.Model.Variables.OutputVariable" selection="false" index="0"&gt;&lt;member name="Id" source="inline" type="System.String" value="DOCUMENTTYPE" selection="false" index="0" /&gt;&lt;member name="Value" source="DOCUMENTTYPE" type="System.Object" value="DOCUMENTTYPE" field="DOCUMENTTYPE" selection="false" index="0" /&gt;&lt;/member&gt;&lt;member type="Agility.Sdk.Model.Variables.OutputVariable" selection="false" index="0"&gt;&lt;member name="Id" source="inline" type="System.String" value="ISVALID" selection="false" index="0" /&gt;&lt;member name="Value" source="ISVALID" type="System.Object" value="ISVALID" field="ISVALID" selection="false" index="0" /&gt;&lt;/member&gt;&lt;/param&gt;&lt;/parameters&gt;</paramsmappingxmltag></dotnetactivity></dotnet><webservice /><activityinfo><useadvworkflowrules>0</useadvworkflowrules><seqactivityassignment>0</seqactivityassignment><concuractivityaccess>0</concuractivityaccess><noofusableresourcesreq>0</noofusableresourcesreq><exitcondition></exitcondition><expandgroups>0</expandgroups><noofusableresourcesreqvarid /></activityinfo><categoryid>2278FC5DACAA4553B7C22F31F86B8194</categoryid><poolid>0</poolid><activityruntimesettings>0</activityruntimesettings><activityragamberthreshold>0</activityragamberthreshold><activityragredthreshold>0</activityragredthreshold><activityragblackthreshold>0</activityragblackthreshold><activityragpurplethreshold>0</activityragpurplethreshold><form /><xmldata /><dataaccess /><getresourceinfo /><jobvariableinfo /><baminfo /><bpescalations /><preconditionslist /><startmethod>Method1</startmethod><classnamespace>MyNamespace.Class1</classnamespace><resetlimit>-1</resetlimit><activitytimedoutaction>0</activitytimedoutaction><suspendreasontext></suspendreasontext><suspendreasonvarid></suspendreasonvarid></activitydata></node><node><nodetype>1</nodetype><nodedata><processid>7ADF133F89E24D6AB6070B460EE56B2C</processid><version>6.000000</version><nodeid>9</nodeid><isstartnode>0</isstartnode><nodetype>1</nodetype><designtimetype>33</designtimetype><activationprobability>100</activationprobability><embeddedname></embeddedname><state /><statescope>0</statescope><activitymilestone></activitymilestone><activitymilestonescope>0</activitymilestonescope><activitypendmilestone></activitypendmilestone><activitypendmilestonescope>0</activitypendmilestonescope><activitydonemilestone></activitydonemilestone><activitydonemilestonescope>0</activitydonemilestonescope><nodependevent /><nodependeventscope>0</nodependeventscope><nodedoneevent /><nodedoneeventscope>0</nodedoneeventscope><titleposno>5</titleposno><embeddedproccount>0</embeddedproccount><iscustomnode>0</iscustomnode><designtimesettings>&lt;designtimesettings&gt;&lt;xposition&gt;1134&lt;/xposition&gt;&lt;yposition&gt;333.96875&lt;/yposition&gt;&lt;width&gt;90&lt;/width&gt;&lt;height&gt;60&lt;/height&gt;&lt;inheritcolorfromsystem&gt;True&lt;/inheritcolorfromsystem&gt;&lt;colour&gt;#FFE3EDF3&lt;/colour&gt;&lt;textposition&gt;Centre&lt;/textposition&gt;&lt;lane&gt;&lt;name&gt;Lane1&lt;/name&gt;&lt;index&gt;0&lt;/index&gt;&lt;poolid&gt;0FCB960858EB463F87DD554F46EC3143&lt;/poolid&gt;&lt;height&gt;770.1&lt;/height&gt;&lt;/lane&gt;&lt;annotations /&gt;&lt;attachments /&gt;&lt;resourcenotes /&gt;&lt;/designtimesettings&gt;</designtimesettings><attachments></attachments><annotations></annotations><dependants /><destinationnodes><destinationnode><nodeid>3</nodeid><nodetype>6</nodetype></destinationnode></destinationnodes><originnodes><originnode><nodeid>6</nodeid><nodetype>1</nodetype></originnode><originnode><nodeid>8</nodeid><nodetype>1</nodetype></originnode><originnode><nodeid>10</nodeid><nodetype>1</nodetype></originnode></originnodes><branchingrules /><runtimesettings>0</runtimesettings></nodedata><activitydata><inputvariables><inputvariable><varid>SPP_SYSTEM_SESSION_ID</varid></inputvariable><inputvariable><varid>ISVALID</varid></inputvariable></inputvariables><outputvariables /><requiredresources /><usableresources /><dynamicresourcesdata><overwriteusableresources>0</overwriteusableresources><dynamicresourcesvariables /></dynamicresourcesdata><targettime>0</targettime><delaytime>0</delaytime><expectedcost>0.000000</expectedcost><securitylevel>10</securitylevel><skilllevel>10</skilllevel><useprevioususer>0</useprevioususer><tasktype>7</tasktype><priority>1</priority><automatic>1</automatic><trackstorejvh>0</trackstorejvh><usesameasprevious>0</usesameasprevious><taskid>0</taskid><usesameasprevioustype>0</usesameasprevioustype><fixedcost>0.000000</fixedcost><taskname>Set Valid</taskname><resourceid /><createdby>B42D78B8B8544DAAAE10D92A0BD73C89</createdby><purpose></purpose><description></description><script>using System; 
using Agility.Server.Scripting.ScriptAssembly;
 
namespace MyNamespace
{
    
 public class Class1
 {
  public Class1() 
  {
  }
 
  [StartMethodAttribute()] 
  public void Method1(ScriptParameters sp) 
  {
	//			
	// TODO: Add start method code here
	//   string sFormattedText  = &amp;quot;&amp;quot;;   bool bIsValid = false;   string sFieldText = sp.InputVariables[&amp;quot;FIELDTEXT&amp;quot;].ToString();   string sFormatDelimiter = sp.InputVariables[&amp;quot;FormatDelimiter&amp;quot;].ToString();   if (!string.IsNullOrEmpty(sFieldText))   {      //2014-11-10T11:34:06.9013505+11:00      sFormattedText = string.Format(&amp;quot;{0}{1}{2}{3}{4}&amp;quot;, sFieldText.Substring(8, 2), sFormatDelimiter , sFieldText.Substring(5, 2), sFormatDelimiter, sFieldText.Substring(0, 4));     bIsValid = true;   }   // output value   sp.OutputVariables[&amp;quot;FORMATTEDTEXT&amp;quot;] = sFormattedText;             // output    sp.OutputVariables[&amp;quot;ISVALID&amp;quot;] = bIsValid;
  }
 }
}</script><processid /><creationdate>2021-12-17T13:26:04.75200</creationdate><transactionalinfo /><createnewjobinfo><cnjprocessid></cnjprocessid><initparams></initparams><outputs></outputs><varid></varid><jobtype>0</jobtype><reftype>0</reftype></createnewjobinfo><scriptprogid>CSHARP</scriptprogid><preloadscript>1</preloadscript><assocfile></assocfile><designinfo /><sleepinfo>0</sleepinfo><jobowneridinfo></jobowneridinfo><jobownervaridinfo></jobownervaridinfo><negativelagtime>0</negativelagtime><dynduedate>0</dynduedate><dynduedatevar /><dyntargetdurationvar /><sendemail>0</sendemail><emailto>0</emailto><subjecttext></subjecttext><subjectvar></subjectvar><contenttext></contenttext><contentvar></contentvar><urltext></urltext><urlvar></urlvar><appendassocfile>0</appendassocfile><dotnet><dotnetactivity><assemblyid>TotalAgility.Sdk.dll</assemblyid><assemblyloadtype>0</assemblyloadtype><assemblyname>TotalAgility.Sdk.dll</assemblyname><classname>TotalAgility.Sdk.ServerService</classname><methodname>ExecuteCalculationNode</methodname><duplicatemethodno>1</duplicatemethodno><noofparams>0</noofparams><paramsmappingxmltag>&lt;parameters&gt;&lt;param direction="in" source="SPP_SYSTEM_SESSION_ID" field="SPP_SYSTEM_SESSION_ID" datatype="System.String" value="SPP_SYSTEM_SESSION_ID" name="sessionId" selection="false" /&gt;&lt;param direction="in" datatype="Agility.Sdk.Model.Calculations.CalculationNode" name="CalculationNode" selection="false"&gt;&lt;member name="ProcessActivityIdentity" type="Agility.Sdk.Model.Activities.ProcessActivityIdentity" selection="false" index="0"&gt;&lt;member name="ProcessIdentity" type="Agility.Sdk.Model.Processes.ProcessIdentity" selection="false" index="0"&gt;&lt;member name="Id" source="inline" type="System.String" value="7ADF133F89E24D6AB6070B460EE56B2C" selection="false" index="0" /&gt;&lt;member name="Version" source="inline" type="System.Double" value="6" selection="false" index="0" /&gt;&lt;member name="Name" source="inline" type="System.String" value="BR_SetDocumentType" selection="false" index="0" /&gt;&lt;/member&gt;&lt;member name="NodeId" source="inline" type="System.Int16" value="9" selection="false" index="0" /&gt;&lt;member name="ActivityName" source="inline" type="System.String" value="Set Valid" selection="false" index="0" /&gt;&lt;/member&gt;&lt;member name="InputVariables" type="Agility.Sdk.Model.Variables.InputVariable[]" selection="false" index="0"&gt;&lt;member type="Agility.Sdk.Model.Variables.InputVariable" selection="false" index="0"&gt;&lt;member name="Id" source="inline" type="System.String" value="SPP_SYSTEM_SESSION_ID" selection="false" index="0" /&gt;&lt;member name="Value" source="SPP_SYSTEM_SESSION_ID" type="System.Object" value="SPP_SYSTEM_SESSION_ID" field="SPP_SYSTEM_SESSION_ID" selection="false" index="0" /&gt;&lt;/member&gt;&lt;member type="Agility.Sdk.Model.Variables.InputVariable" selection="false" index="0"&gt;&lt;member name="Id" source="inline" type="System.String" value="ISVALID" selection="false" index="0" /&gt;&lt;member name="Value" source="ISVALID" type="System.Object" value="ISVALID" field="ISVALID" selection="false" index="0" /&gt;&lt;/member&gt;&lt;/member&gt;&lt;member name="CalculationScriptCollection" type="Agility.Sdk.Model.Calculations.CalculationScript[]" selection="false" index="0"&gt;&lt;member type="Agility.Sdk.Model.Calculations.CalculationScript" selection="false" index="0"&gt;&lt;member name="Script" source="inline" type="System.String" value="&amp;lt;?xml version=&amp;quot;1.0&amp;quot; encoding=&amp;quot;utf-16&amp;quot;?&amp;gt;&amp;lt;Rule xmlns:xsd=&amp;quot;http://www.w3.org/2001/XMLSchema&amp;quot; xmlns:xsi=&amp;quot;http://www.w3.org/2001/XMLSchema-instance&amp;quot;&amp;gt;&amp;lt;RuleInputs /&amp;gt;&amp;lt;Script&amp;gt; True&amp;lt;/Script&amp;gt;&amp;lt;RuleType&amp;gt;Expression&amp;lt;/RuleType&amp;gt;&amp;lt;/Rule&amp;gt;" selection="false" index="0" /&gt;&lt;member name="Description" source="inline" type="System.String" value="" selection="false" index="0" /&gt;&lt;member name="TargetVariable" type="Agility.Sdk.Model.Variables.OutputVariable" selection="false" index="0"&gt;&lt;member name="Id" source="inline" type="System.String" value="ISVALID" selection="false" index="0" /&gt;&lt;member name="Value" source="ISVALID" type="System.Object" value="ISVALID" field="ISVALID" selection="false" index="0" /&gt;&lt;/member&gt;&lt;member name="UseBusinessCalendar" source="inline" type="System.Boolean" value="False" selection="false" index="0" /&gt;&lt;/member&gt;&lt;/member&gt;&lt;/param&gt;&lt;param direction="ret" datatype="Agility.Sdk.Model.Variables.OutputVariable[]" name="Return Parameter" selection="false"&gt;&lt;member type="Agility.Sdk.Model.Variables.OutputVariable" selection="false" index="0"&gt;&lt;member name="Id" source="inline" type="System.String" value="ISVALID" selection="false" index="0" /&gt;&lt;member name="Value" source="ISVALID" type="System.Object" value="ISVALID" field="ISVALID" selection="false" index="0" /&gt;&lt;/member&gt;&lt;/param&gt;&lt;/parameters&gt;</paramsmappingxmltag></dotnetactivity></dotnet><webservice /><activityinfo><useadvworkflowrules>0</useadvworkflowrules><seqactivityassignment>0</seqactivityassignment><concuractivityaccess>0</concuractivityaccess><noofusableresourcesreq>0</noofusableresourcesreq><exitcondition></exitcondition><expandgroups>0</expandgroups><noofusableresourcesreqvarid /></activityinfo><categoryid>2278FC5DACAA4553B7C22F31F86B8194</categoryid><poolid>0</poolid><activityruntimesettings>0</activityruntimesettings><activityragamberthreshold>0</activityragamberthreshold><activityragredthreshold>0</activityragredthreshold><activityragblackthreshold>0</activityragblackthreshold><activityragpurplethreshold>0</activityragpurplethreshold><form /><xmldata /><dataaccess /><getresourceinfo /><jobvariableinfo /><baminfo /><bpescalations /><preconditionslist /><startmethod>Method1</startmethod><classnamespace>MyNamespace.Class1</classnamespace><resetlimit>-1</resetlimit><activitytimedoutaction>0</activitytimedoutaction><suspendreasontext></suspendreasontext><suspendreasonvarid></suspendreasonvarid></activitydata></node><node><nodetype>1</nodetype><nodedata><processid>7ADF133F89E24D6AB6070B460EE56B2C</processid><version>6.000000</version><nodeid>10</nodeid><isstartnode>0</isstartnode><nodetype>1</nodetype><designtimetype>33</designtimetype><activationprobability>100</activationprobability><embeddedname></embeddedname><state /><statescope>0</statescope><activitymilestone></activitymilestone><activitymilestonescope>0</activitymilestonescope><activitypendmilestone></activitypendmilestone><activitypendmilestonescope>0</activitypendmilestonescope><activitydonemilestone></activitydonemilestone><activitydonemilestonescope>0</activitydonemilestonescope><nodependevent /><nodependeventscope>0</nodependeventscope><nodedoneevent /><nodedoneeventscope>0</nodedoneeventscope><titleposno>5</titleposno><embeddedproccount>0</embeddedproccount><iscustomnode>0</iscustomnode><designtimesettings>&lt;designtimesettings&gt;&lt;xposition&gt;975&lt;/xposition&gt;&lt;yposition&gt;583.5&lt;/yposition&gt;&lt;width&gt;90&lt;/width&gt;&lt;height&gt;60&lt;/height&gt;&lt;inheritcolorfromsystem&gt;True&lt;/inheritcolorfromsystem&gt;&lt;colour&gt;#FFE3EDF3&lt;/colour&gt;&lt;textposition&gt;Centre&lt;/textposition&gt;&lt;lane&gt;&lt;name&gt;Lane1&lt;/name&gt;&lt;index&gt;0&lt;/index&gt;&lt;poolid&gt;0FCB960858EB463F87DD554F46EC3143&lt;/poolid&gt;&lt;height&gt;770.1&lt;/height&gt;&lt;/lane&gt;&lt;annotations /&gt;&lt;attachments /&gt;&lt;resourcenotes /&gt;&lt;/designtimesettings&gt;</designtimesettings><attachments></attachments><annotations></annotations><dependants /><destinationnodes><destinationnode><nodeid>9</nodeid><nodetype>1</nodetype></destinationnode></destinationnodes><originnodes><originnode><nodeid>2</nodeid><nodetype>1</nodetype></originnode><originnode><nodeid>7</nodeid><nodetype>1</nodetype></originnode></originnodes><branchingrules /><runtimesettings>0</runtimesettings></nodedata><activitydata><inputvariables><inputvariable><varid>SPP_SYSTEM_SESSION_ID</varid></inputvariable><inputvariable><varid>DOCUMENTTYPE</varid></inputvariable></inputvariables><outputvariables /><requiredresources /><usableresources /><dynamicresourcesdata><overwriteusableresources>0</overwriteusableresources><dynamicresourcesvariables /></dynamicresourcesdata><targettime>0</targettime><delaytime>0</delaytime><expectedcost>0.000000</expectedcost><securitylevel>10</securitylevel><skilllevel>10</skilllevel><useprevioususer>0</useprevioususer><tasktype>7</tasktype><priority>1</priority><automatic>1</automatic><trackstorejvh>0</trackstorejvh><usesameasprevious>0</usesameasprevious><taskid>0</taskid><usesameasprevioustype>0</usesameasprevioustype><fixedcost>0.000000</fixedcost><taskname>Set Default Doc Type</taskname><resourceid /><createdby>B42D78B8B8544DAAAE10D92A0BD73C89</createdby><purpose></purpose><description></description><script>using System; 
using Agility.Server.Scripting.ScriptAssembly;
 
namespace MyNamespace
{
    
 public class Class1
 {
  public Class1() 
  {
  }
 
  [StartMethodAttribute()] 
  public void Method1(ScriptParameters sp) 
  {
	//			
	// TODO: Add start method code here
	//   string sFormattedText  = &amp;quot;&amp;quot;;   bool bIsValid = false;   string sFieldText = sp.InputVariables[&amp;quot;FIELDTEXT&amp;quot;].ToString();   string sFormatDelimiter = sp.InputVariables[&amp;quot;FormatDelimiter&amp;quot;].ToString();   if (!string.IsNullOrEmpty(sFieldText))   {      //2014-11-10T11:34:06.9013505+11:00      sFormattedText = string.Format(&amp;quot;{0}{1}{2}{3}{4}&amp;quot;, sFieldText.Substring(8, 2), sFormatDelimiter , sFieldText.Substring(5, 2), sFormatDelimiter, sFieldText.Substring(0, 4));     bIsValid = true;   }   // output value   sp.OutputVariables[&amp;quot;FORMATTEDTEXT&amp;quot;] = sFormattedText;             // output    sp.OutputVariables[&amp;quot;ISVALID&amp;quot;] = bIsValid;
  }
 }
}</script><processid /><creationdate>2021-12-17T13:26:04.75301</creationdate><transactionalinfo /><createnewjobinfo><cnjprocessid></cnjprocessid><initparams></initparams><outputs></outputs><varid></varid><jobtype>0</jobtype><reftype>0</reftype></createnewjobinfo><scriptprogid>CSHARP</scriptprogid><preloadscript>1</preloadscript><assocfile></assocfile><designinfo /><sleepinfo>0</sleepinfo><jobowneridinfo></jobowneridinfo><jobownervaridinfo></jobownervaridinfo><negativelagtime>0</negativelagtime><dynduedate>0</dynduedate><dynduedatevar /><dyntargetdurationvar /><sendemail>0</sendemail><emailto>0</emailto><subjecttext></subjecttext><subjectvar></subjectvar><contenttext></contenttext><contentvar></contentvar><urltext></urltext><urlvar></urlvar><appendassocfile>0</appendassocfile><dotnet><dotnetactivity><assemblyid>TotalAgility.Sdk.dll</assemblyid><assemblyloadtype>0</assemblyloadtype><assemblyname>TotalAgility.Sdk.dll</assemblyname><classname>TotalAgility.Sdk.ServerService</classname><methodname>ExecuteCalculationNode</methodname><duplicatemethodno>1</duplicatemethodno><noofparams>0</noofparams><paramsmappingxmltag>&lt;parameters&gt;&lt;param direction="in" source="SPP_SYSTEM_SESSION_ID" field="SPP_SYSTEM_SESSION_ID" datatype="System.String" value="SPP_SYSTEM_SESSION_ID" name="sessionId" selection="false" /&gt;&lt;param direction="in" datatype="Agility.Sdk.Model.Calculations.CalculationNode" name="CalculationNode" selection="false"&gt;&lt;member name="ProcessActivityIdentity" type="Agility.Sdk.Model.Activities.ProcessActivityIdentity" selection="false" index="0"&gt;&lt;member name="ProcessIdentity" type="Agility.Sdk.Model.Processes.ProcessIdentity" selection="false" index="0"&gt;&lt;member name="Id" source="inline" type="System.String" value="7ADF133F89E24D6AB6070B460EE56B2C" selection="false" index="0" /&gt;&lt;member name="Version" source="inline" type="System.Double" value="6" selection="false" index="0" /&gt;&lt;member name="Name" source="inline" type="System.String" value="BR_SetDocumentType" selection="false" index="0" /&gt;&lt;/member&gt;&lt;member name="NodeId" source="inline" type="System.Int16" value="10" selection="false" index="0" /&gt;&lt;member name="ActivityName" source="inline" type="System.String" value="Set Default Doc Type" selection="false" index="0" /&gt;&lt;/member&gt;&lt;member name="InputVariables" type="Agility.Sdk.Model.Variables.InputVariable[]" selection="false" index="0"&gt;&lt;member type="Agility.Sdk.Model.Variables.InputVariable" selection="false" index="0"&gt;&lt;member name="Id" source="inline" type="System.String" value="SPP_SYSTEM_SESSION_ID" selection="false" index="0" /&gt;&lt;member name="Value" source="SPP_SYSTEM_SESSION_ID" type="System.Object" value="SPP_SYSTEM_SESSION_ID" field="SPP_SYSTEM_SESSION_ID" selection="false" index="0" /&gt;&lt;/member&gt;&lt;member type="Agility.Sdk.Model.Variables.InputVariable" selection="false" index="0"&gt;&lt;member name="Id" source="inline" type="System.String" value="DOCUMENTTYPE" selection="false" index="0" /&gt;&lt;member name="Value" source="DOCUMENTTYPE" type="System.Object" value="DOCUMENTTYPE" field="DOCUMENTTYPE" selection="false" index="0" /&gt;&lt;/member&gt;&lt;/member&gt;&lt;member name="CalculationScriptCollection" type="Agility.Sdk.Model.Calculations.CalculationScript[]" selection="false" index="0"&gt;&lt;member type="Agility.Sdk.Model.Calculations.CalculationScript" selection="false" index="0"&gt;&lt;member name="Script" source="inline" type="System.String" value="&amp;lt;?xml version=&amp;quot;1.0&amp;quot; encoding=&amp;quot;utf-16&amp;quot;?&amp;gt;&amp;lt;Rule xmlns:xsd=&amp;quot;http://www.w3.org/2001/XMLSchema&amp;quot; xmlns:xsi=&amp;quot;http://www.w3.org/2001/XMLSchema-instance&amp;quot;&amp;gt;&amp;lt;RuleInputs /&amp;gt;&amp;lt;Script&amp;gt; &amp;quot;CoA Invoice&amp;quot;&amp;lt;/Script&amp;gt;&amp;lt;RuleType&amp;gt;Expression&amp;lt;/RuleType&amp;gt;&amp;lt;/Rule&amp;gt;" selection="false" index="0" /&gt;&lt;member name="Description" source="inline" type="System.String" value="" selection="false" index="0" /&gt;&lt;member name="TargetVariable" type="Agility.Sdk.Model.Variables.OutputVariable" selection="false" index="0"&gt;&lt;member name="Id" source="inline" type="System.String" value="DOCUMENTTYPE" selection="false" index="0" /&gt;&lt;member name="Value" source="DOCUMENTTYPE" type="System.Object" value="DOCUMENTTYPE" field="DOCUMENTTYPE" selection="false" index="0" /&gt;&lt;/member&gt;&lt;member name="UseBusinessCalendar" source="inline" type="System.Boolean" value="False" selection="false" index="0" /&gt;&lt;/member&gt;&lt;/member&gt;&lt;/param&gt;&lt;param direction="ret" datatype="Agility.Sdk.Model.Variables.OutputVariable[]" name="Return Parameter" selection="false"&gt;&lt;member type="Agility.Sdk.Model.Variables.OutputVariable" selection="false" index="0"&gt;&lt;member name="Id" source="inline" type="System.String" value="DOCUMENTTYPE" selection="false" index="0" /&gt;&lt;member name="Value" source="DOCUMENTTYPE" type="System.Object" value="DOCUMENTTYPE" field="DOCUMENTTYPE" selection="false" index="0" /&gt;&lt;/member&gt;&lt;/param&gt;&lt;/parameters&gt;</paramsmappingxmltag></dotnetactivity></dotnet><webservice /><activityinfo><useadvworkflowrules>0</useadvworkflowrules><seqactivityassignment>0</seqactivityassignment><concuractivityaccess>0</concuractivityaccess><noofusableresourcesreq>0</noofusableresourcesreq><exitcondition></exitcondition><expandgroups>0</expandgroups><noofusableresourcesreqvarid /></activityinfo><categoryid>2278FC5DACAA4553B7C22F31F86B8194</categoryid><poolid>0</poolid><activityruntimesettings>0</activityruntimesettings><activityragamberthreshold>0</activityragamberthreshold><activityragredthreshold>0</activityragredthreshold><activityragblackthreshold>0</activityragblackthreshold><activityragpurplethreshold>0</activityragpurplethreshold><form /><xmldata /><dataaccess /><getresourceinfo /><jobvariableinfo /><baminfo /><bpescalations /><preconditionslist /><startmethod>Method1</startmethod><classnamespace>MyNamespace.Class1</classnamespace><resetlimit>-1</resetlimit><activitytimedoutaction>0</activitytimedoutaction><suspendreasontext></suspendreasontext><suspendreasonvarid></suspendreasonvarid></activitydata></node></nodelist><documentprocessrulecollection /></processmap></processmaps>