<?xml version="1.0" encoding="utf-16"?>
<ArrayOfTheme xmlns:xsd="http://www.w3.org/2001/XMLSchema" xmlns:xsi="http://www.w3.org/2001/XMLSchema-instance">
  <Theme>
    <ThemeIdentity>
      <Id>0178FEA2525C4F3D8AC51E3C273D865D</Id>
      <AutomaticallyPopulate>true</AutomaticallyPopulate>
      <Name>TotalAgility Workspace</Name>
    </ThemeIdentity>
    <CategoryIdentity>
      <Id>E2A1706B60424707B39A1BDDDC8DB69C</Id>
      <AutomaticallyPopulate>true</AutomaticallyPopulate>
      <Name>TotalAgility Forms</Name>
    </CategoryIdentity>
    <Description>Represents the default TotalAgility Workspace style</Description>
    <DefaultFont>Noto Sans</DefaultFont>
    <DefaultFontSize>26</DefaultFontSize>
    <DefaultFontBold>false</DefaultFontBold>
    <DefaultFontItalics>false</DefaultFontItalics>
    <DefaultFontStrike>false</DefaultFontStrike>
    <DefaultFontULine>false</DefaultFontULine>
    <DefaultBackColour>#FFC77979</DefaultBackColour>
    <DefaultForeColour>#FF000000</DefaultForeColour>
    <DefaultAssociatedStyleSheetLocation>TotalAgilityWorkspace.css</DefaultAssociatedStyleSheetLocation>
    <DefaultCheckBoxStyle />
    <DefaultDropDownStyle />
    <DefaultHRuleStyle>HorizontalRule</DefaultHRuleStyle>
    <DefaultLabelStyle />
    <DefaultHyperlinkStyle />
    <DefaultRadioButtonStyle />
    <DefaultPanelStyle>Panel</DefaultPanelStyle>
    <DefaultTabDefaultStyle />
    <DefaultTabHoverStyle />
    <DefaultTabSelectedStyle />
    <DefaultTableAlternateRowStyle />
    <DefaultTableFrameStyle />
    <DefaultTableHeaderStyle />
    <DefaultTableSelectedRowStyle />
    <DefaultTableTableRowStyle />
    <DefaultTextBoxStyle />
    <DefaultButtonStyle />
    <DefaultCalendarStyle />
    <LastModifiedUser>
      <Id />
      <AutomaticallyPopulate>false</AutomaticallyPopulate>
      <ResourceType>Worker</ResourceType>
      <EmailAddress />
      <UserId />
      <ManagerialLevel>0</ManagerialLevel>
    </LastModifiedUser>
    <LastModifiedDate>2021-04-16T13:44:33.62</LastModifiedDate>
    <DefaultMenuDefaultStyle>MenuItems</DefaultMenuDefaultStyle>
    <DefaultMenuHoverStyle />
    <DefaultHeaderStyle />
    <DefaultFooterStyle />
    <DefaultContentStyle />
    <DefaultHeaderOrFooterStyle />
    <DefaultListRowStyle />
    <DefaultListAlternateRowStyle />
    <DefaultListSelectedRowStyle />
    <DefaultImageButtonStyle />
    <DefaultCalendarButtonStyle />
    <DefaultTableButtonStyle />
    <DefaultPickerButtonStyle />
    <DefaultCellHeaderStyle />
    <DefaultPanelStatusBarStyle />
    <DefaultPanelErrorStyle />
    <DefaultCaptureConfirmedStyle />
    <DefaultCaptureNotConfirmedStyle />
    <DefaultTreeSelectedNodeStyle />
    <DefaultTreeMultipleSelectNodeStyle />
    <DefaultCCMGeneral />
    <DefaultCCMGroupHeader />
    <DefaultFileUploadButtonStyle />
    <DefaultCellStyle>WorkspaceCell</DefaultCellStyle>
    <DefaultH1Style />
    <DefaultH2Style />
    <DefaultH3Style />
    <DefaultH4Style />
    <DefaultH5Style />
    <DefaultH6Style />
    <DesktopSenchaTheme>Classic</DesktopSenchaTheme>
    <TouchSenchaTheme>Triton</TouchSenchaTheme>
    <DefaultToolBarButtonStyle />
    <OverrideStyle>false</OverrideStyle>
    <DefaultPrimaryButtonStyle />
  </Theme>
</ArrayOfTheme>