<?xml version="1.0" encoding="utf-16"?>
<ArrayOfSessionVariable xmlns:xsd="http://www.w3.org/2001/XMLSchema" xmlns:xsi="http://www.w3.org/2001/XMLSchema-instance">
  <SessionVariable>
    <Identity>
      <Name>SESSION_ID</Name>
      <Id>161F8F818093437482D2886B7B6756BB</Id>
      <AutomaticallyPopulate>true</AutomaticallyPopulate>
    </Identity>
    <Description>The current Session Identifer.</Description>
    <Value />
    <IsLocalizable>false</IsLocalizable>
    <Category>
      <Id>201F370CA5164F76ADDD8EEEFF666AF7</Id>
      <AutomaticallyPopulate>true</AutomaticallyPopulate>
      <Name>Default Category</Name>
    </Category>
    <LastModifiedDateTime>2021-04-15T16:33:38.24</LastModifiedDateTime>
    <IsSecure>false</IsSecure>
  </SessionVariable>
  <SessionVariable>
    <Identity>
      <Name>WORKQUEUE_FORM</Name>
      <Id>1E70BD400456422DBFA431767DC6CB0F</Id>
      <AutomaticallyPopulate>true</AutomaticallyPopulate>
    </Identity>
    <Description>The Workqueue Form.</Description>
    <Value />
    <IsLocalizable>false</IsLocalizable>
    <Category>
      <Id>201F370CA5164F76ADDD8EEEFF666AF7</Id>
      <AutomaticallyPopulate>true</AutomaticallyPopulate>
      <Name>Default Category</Name>
    </Category>
    <LastModifiedDateTime>2021-04-15T16:33:38.29</LastModifiedDateTime>
    <IsSecure>false</IsSecure>
  </SessionVariable>
  <SessionVariable>
    <Identity>
      <Name>EPC</Name>
      <Id>5E0F01E4914A48D08009FFC40C130EFF</Id>
      <AutomaticallyPopulate>true</AutomaticallyPopulate>
    </Identity>
    <Description>The EPC.</Description>
    <Value />
    <IsLocalizable>false</IsLocalizable>
    <Category>
      <Id>201F370CA5164F76ADDD8EEEFF666AF7</Id>
      <AutomaticallyPopulate>true</AutomaticallyPopulate>
      <Name>Default Category</Name>
    </Category>
    <LastModifiedDateTime>2021-04-15T16:33:38.273</LastModifiedDateTime>
    <IsSecure>false</IsSecure>
  </SessionVariable>
  <SessionVariable>
    <Identity>
      <Name>JOB_ID</Name>
      <Id>8A1DD88A21124A98A51B5679DE7FDCB4</Id>
      <AutomaticallyPopulate>true</AutomaticallyPopulate>
    </Identity>
    <Description>The Job ID.</Description>
    <Value />
    <IsLocalizable>false</IsLocalizable>
    <Category>
      <Id>201F370CA5164F76ADDD8EEEFF666AF7</Id>
      <AutomaticallyPopulate>true</AutomaticallyPopulate>
      <Name>Default Category</Name>
    </Category>
    <LastModifiedDateTime>2021-04-15T16:33:38.273</LastModifiedDateTime>
    <IsSecure>false</IsSecure>
  </SessionVariable>
  <SessionVariable>
    <Identity>
      <Name>NODE_ID</Name>
      <Id>AFBE96EA665E4F16A2FDA88044A23D0A</Id>
      <AutomaticallyPopulate>true</AutomaticallyPopulate>
    </Identity>
    <Description>The Node ID.</Description>
    <Value />
    <IsLocalizable>false</IsLocalizable>
    <Category>
      <Id>201F370CA5164F76ADDD8EEEFF666AF7</Id>
      <AutomaticallyPopulate>true</AutomaticallyPopulate>
      <Name>Default Category</Name>
    </Category>
    <LastModifiedDateTime>2021-04-15T16:33:38.273</LastModifiedDateTime>
    <IsSecure>false</IsSecure>
  </SessionVariable>
  <SessionVariable>
    <Identity>
      <Name>RESOURCE_ID</Name>
      <Id>3FE35DDD709A422588F9C8FE908C6393</Id>
      <AutomaticallyPopulate>true</AutomaticallyPopulate>
    </Identity>
    <Description>The current Resource Identifer.</Description>
    <Value />
    <IsLocalizable>false</IsLocalizable>
    <Category>
      <Id>201F370CA5164F76ADDD8EEEFF666AF7</Id>
      <AutomaticallyPopulate>true</AutomaticallyPopulate>
      <Name>Default Category</Name>
    </Category>
    <LastModifiedDateTime>2021-04-15T16:33:38.257</LastModifiedDateTime>
    <IsSecure>false</IsSecure>
  </SessionVariable>
  <SessionVariable>
    <Identity>
      <Name>DB_CONNECT_STR_TECHONE</Name>
      <Id>8A4E41279AC84918BCB0C2B6CD8DD3A8</Id>
      <AutomaticallyPopulate>true</AutomaticallyPopulate>
    </Identity>
    <Description />
    <Value>Dsn=FinTest2;Uid=report;Pwd=N0ogRlCyhgu9LL6c;</Value>
    <IsLocalizable>false</IsLocalizable>
    <Category>
      <Id>2278FC5DACAA4553B7C22F31F86B8194</Id>
      <AutomaticallyPopulate>true</AutomaticallyPopulate>
      <Name>Invoice Processing</Name>
    </Category>
    <LastModifiedDateTime>2021-11-26T16:14:59.383</LastModifiedDateTime>
    <IsSecure>false</IsSecure>
  </SessionVariable>
  <SessionVariable>
    <Identity>
      <Name>DB_CONNECT_STR_INVOICEPROCESSING</Name>
      <Id>5E42FF18E4C04B2FA92EA8BAEDE484F5</Id>
      <AutomaticallyPopulate>true</AutomaticallyPopulate>
    </Identity>
    <Description />
    <Value>Data Source=ACCAZKFXDDB01;Initial Catalog=AP-SP;Integrated Security=True</Value>
    <IsLocalizable>false</IsLocalizable>
    <Category>
      <Id>2278FC5DACAA4553B7C22F31F86B8194</Id>
      <AutomaticallyPopulate>true</AutomaticallyPopulate>
      <Name>Invoice Processing</Name>
    </Category>
    <LastModifiedDateTime>2021-11-29T16:51:02.923</LastModifiedDateTime>
    <IsSecure>false</IsSecure>
  </SessionVariable>
  <SessionVariable>
    <Identity>
      <Name>EmailTemplate4</Name>
      <Id>103B8BDF9C1445CE805C53815607A448</Id>
      <AutomaticallyPopulate>true</AutomaticallyPopulate>
    </Identity>
    <Description />
    <Value>This &lt;br&gt; is &lt;br&gt; template4</Value>
    <IsLocalizable>false</IsLocalizable>
    <Category>
      <Id>2278FC5DACAA4553B7C22F31F86B8194</Id>
      <AutomaticallyPopulate>true</AutomaticallyPopulate>
      <Name>Invoice Processing</Name>
    </Category>
    <LastModifiedDateTime>2017-05-22T10:42:04.05</LastModifiedDateTime>
    <IsSecure>false</IsSecure>
  </SessionVariable>
  <SessionVariable>
    <Identity>
      <Name>EmailTemplate2</Name>
      <Id>4907F42C9F864C849539D9E3E69A9028</Id>
      <AutomaticallyPopulate>true</AutomaticallyPopulate>
    </Identity>
    <Description />
    <Value>This &lt;br&gt; is &lt;br&gt; template2</Value>
    <IsLocalizable>false</IsLocalizable>
    <Category>
      <Id>2278FC5DACAA4553B7C22F31F86B8194</Id>
      <AutomaticallyPopulate>true</AutomaticallyPopulate>
      <Name>Invoice Processing</Name>
    </Category>
    <LastModifiedDateTime>2017-05-22T10:42:04.037</LastModifiedDateTime>
    <IsSecure>false</IsSecure>
  </SessionVariable>
  <SessionVariable>
    <Identity>
      <Name>EmailTemplate1</Name>
      <Id>5BB1BF5562304D7FAD4C42FACFD3D0C0</Id>
      <AutomaticallyPopulate>true</AutomaticallyPopulate>
    </Identity>
    <Description />
    <Value>This &lt;br&gt; is email &lt;br&gt; template  &lt;br&gt; 1</Value>
    <IsLocalizable>false</IsLocalizable>
    <Category>
      <Id>2278FC5DACAA4553B7C22F31F86B8194</Id>
      <AutomaticallyPopulate>true</AutomaticallyPopulate>
      <Name>Invoice Processing</Name>
    </Category>
    <LastModifiedDateTime>2017-05-22T10:42:04.037</LastModifiedDateTime>
    <IsSecure>false</IsSecure>
  </SessionVariable>
  <SessionVariable>
    <Identity>
      <Name>ValidationEmailSender</Name>
      <Id>C2CBAE6690C94794AD1E311A0BA6471F</Id>
      <AutomaticallyPopulate>true</AutomaticallyPopulate>
    </Identity>
    <Description />
    <Value>AccountsPayable@cityofadelaide.com.au</Value>
    <IsLocalizable>false</IsLocalizable>
    <Category>
      <Id>2278FC5DACAA4553B7C22F31F86B8194</Id>
      <AutomaticallyPopulate>true</AutomaticallyPopulate>
      <Name>Invoice Processing</Name>
    </Category>
    <LastModifiedDateTime>2017-06-27T10:20:38.38</LastModifiedDateTime>
    <IsSecure>false</IsSecure>
  </SessionVariable>
  <SessionVariable>
    <Identity>
      <Name>EmailTemplate3</Name>
      <Id>E039657D81124AADA5F7C7699D38C33F</Id>
      <AutomaticallyPopulate>true</AutomaticallyPopulate>
    </Identity>
    <Description />
    <Value>This &lt;br&gt; is &lt;br&gt; template3</Value>
    <IsLocalizable>false</IsLocalizable>
    <Category>
      <Id>2278FC5DACAA4553B7C22F31F86B8194</Id>
      <AutomaticallyPopulate>true</AutomaticallyPopulate>
      <Name>Invoice Processing</Name>
    </Category>
    <LastModifiedDateTime>2017-05-22T10:42:04.05</LastModifiedDateTime>
    <IsSecure>false</IsSecure>
  </SessionVariable>
  <SessionVariable>
    <Identity>
      <Name>EmailTemplate5</Name>
      <Id>E7BD1032839B445EA550B6B27D67F7C7</Id>
      <AutomaticallyPopulate>true</AutomaticallyPopulate>
    </Identity>
    <Description />
    <Value>This &lt;br&gt; is &lt;br&gt; template5</Value>
    <IsLocalizable>false</IsLocalizable>
    <Category>
      <Id>2278FC5DACAA4553B7C22F31F86B8194</Id>
      <AutomaticallyPopulate>true</AutomaticallyPopulate>
      <Name>Invoice Processing</Name>
    </Category>
    <LastModifiedDateTime>2017-05-22T10:42:04.05</LastModifiedDateTime>
    <IsSecure>false</IsSecure>
  </SessionVariable>
</ArrayOfSessionVariable>